SER01,PM01,1200
SER02,PM02,1200
SER03,PM03,2000
SER04,PM04,2000
SER05,PM05,1200
SER06,PM06,2000
SER07,PM07,1200
SER08,PM08,1200
SER09,PM09,1200
SER10,PM10,2000
SER11,PM11,2000
SER12,PM12,1200
SER13,PM13,1200
SER14,PM14,2000
SER15,PM15,2000
SER16,PM16,1200
SER17,PM17,2000
SER18,PM18,2000
SER19,PM19,2000
SER20,PM20,1200
SER21,PM21,2000
SER22,PM22,2000
SER23,PM23,1200
SER24,PM24,600
SER25,PM25,1200
SER26,PM26,1200
SER27,PM27,1200
SER28,PM28,1200
SER29,PM29,2000
SER30,PM30,2000
SER31,PM31,1200
SER32,PM32,1200
SER33,PM33,1200
SER34,PM34,1200
SER35,PM35,2000
SER36,PM36,1200
SER37,PM37,2000
SER38,PM38,1200
SER39,PM39,2000
SER40,PM40,1200
SER41,PM41,1200
SER42,PM42,1200
SER43,PM43,1200
SER44,PM44,1200
SER45,PM45,600
SER46,PM46,1200
SER47,PM47,1200
SER48,PM48,2000
SER49,PM49,1200
SER50,PM50,2000
SER51,PM51,1200
SER52,PM52,2000
SER53,PM53,2000
SER54,PM54,1200
SER55,PM55,1200
SER56,PM56,1200
SER57,PM57,2000
SER58,PM58,1200
SER59,PM59,2000
SER60,PM60,1200
SER61,PM61,2000
SER62,PM62,1200
SER63,PM63,2000
SER64,PM64,1200
SER65,PM65,1200
SER66,PM66,2000
SER67,PM67,1200
SER68,PM68,1200
SER69,PM69,1200
SER70,PM70,1200
SER71,PM71,2000
SER72,PM72,2000
SER73,PM73,1200
SER74,PM74,2000
SER75,PM75,1200
SER76,PM76,1200
SER77,PM77,1200
SER78,PM78,2000
SER79,PM79,1200
SER80,PM80,2000
SER81,PM81,2000
SER82,PM82,1200
SER83,PM83,2000
SER84,PM84,2000
SER85,PM85,2000
SER86,PM86,2000
SER87,PM87,2000
SER88,PM88,1200
SER89,PM89,2000
SER90,PM90,1200
SER91,PM91,1200
SER92,PM92,1200
SER93,PM93,1200
SER94,PM94,2000
SER95,PM95,2000
SER96,PM96,1200
SER97,PM97,1200
SER98,PM98,1200
SER99,PM99,1200
SER100,PM100,2000
SER101,PM101,2000
SER102,PM102,1200
SER103,PM103,2000
SER104,PM104,2000
SER105,PM105,600
SER106,PM106,1200
SER107,PM107,2000
SER108,PM108,1200
SER109,PM109,1200
SER110,PM110,600
SER111,PM111,1200
SER112,PM112,600
SER113,PM113,2000
SER114,PM114,600
SER115,PM115,1200
SER116,PM116,600
SER117,PM117,1200
SER118,PM118,2000
SER119,PM119,2000
SER120,PM120,2000
SER121,PM121,600
SER122,PM122,1200
SER123,PM123,2000
SER124,PM124,1200
SER125,PM125,1200
SER126,PM126,2000
SER127,PM127,2000
SER128,PM128,1200
SER129,PM129,2000
SER130,PM130,2000
SER131,PM131,1200
SER132,PM132,1200
SER133,PM133,2000
SER134,PM134,600
SER135,PM135,1200
SER136,PM136,1200
SER137,PM137,1200
SER138,PM138,1200
SER139,PM139,2000
SER140,PM140,2000
SER141,PM141,2000
SER142,PM142,2000
SER143,PM143,1200
SER144,PM144,2000
SER145,PM145,1200
SER146,PM146,1200
SER147,PM147,2000
SER148,PM148,1200
SER149,PM149,1200
SER150,PM150,1200
SER151,PM151,1200
SER152,PM152,2000
SER153,PM153,2000
SER154,PM154,2000
SER155,PM155,2000
SER156,PM156,1200
SER157,PM157,2000
SER158,PM158,1200
SER159,PM159,1200
SER160,PM160,1200
SER161,PM161,1200
SER162,PM162,2000
SER163,PM163,1200
SER164,PM164,1200
SER165,PM165,2000
SER166,PM166,2000
SER167,PM167,1200
SER168,PM168,1200
SER169,PM169,1200
SER170,PM170,1200
SER171,PM171,1200
SER172,PM172,2000
SER173,PM173,1200
SER174,PM174,1200
SER175,PM175,1200
SER176,PM176,2000
SER177,PM177,1200
SER178,PM178,1200
SER179,PM179,2000
SER180,PM180,1200
SER181,PM181,2000
SER182,PM182,1200
SER183,PM183,2000
SER184,PM184,1200
SER185,PM185,1200
SER186,PM186,1200
SER187,PM187,1200
SER188,PM188,1200
SER189,PM189,2000
SER190,PM190,1200
SER191,PM191,2000
SER192,PM192,1200
SER193,PM193,2000
SER194,PM194,1200
SER195,PM195,1200
SER196,PM196,1200
SER197,PM197,2000
SER198,PM198,1200
SER199,PM199,1200
SER200,PM200,1200
SER201,PM201,1200
SER202,PM202,600
SER203,PM203,2000
SER204,PM204,1200
SER205,PM205,2000
SER206,PM206,2000
SER207,PM207,1200
SER208,PM208,2000
SER209,PM209,1200
SER210,PM210,1200
SER211,PM211,1200
SER212,PM212,2000
SER213,PM213,1200
SER214,PM214,2000
SER215,PM215,1200
SER216,PM216,2000
SER217,PM217,2000
SER218,PM218,2000
SER219,PM219,1200
SER220,PM220,1200
SER221,PM221,1200
SER222,PM222,2000
SER223,PM223,1200
SER224,PM224,600
SER225,PM225,2000
SER226,PM226,2000
SER227,PM227,2000
SER228,PM228,2000
SER229,PM229,1200
SER230,PM230,2000
SER231,PM231,2000
SER232,PM232,1200
SER233,PM233,2000
SER234,PM234,2000
SER235,PM235,1200
SER236,PM236,600
SER237,PM237,2000
SER238,PM238,2000
SER239,PM239,1200
SER240,PM240,2000
SER241,PM241,2000
SER242,PM242,1200
SER243,PM243,2000
SER244,PM244,2000
SER245,PM245,2000
SER246,PM246,2000
SER247,PM247,1200
SER248,PM248,1200
SER249,PM249,1200
SER250,PM250,1200
SER251,PM251,1200
SER252,PM252,2000
SER253,PM253,600
SER254,PM254,2000
SER255,PM255,1200
SER256,PM256,1200
SER257,PM257,1200
SER258,PM258,1200
SER259,PM259,1200
SER260,PM260,1200
SER261,PM261,1200
SER262,PM262,2000
SER263,PM263,2000
SER264,PM264,1200
SER265,PM265,2000
SER266,PM266,1200
SER267,PM267,600
SER268,PM268,2000
SER269,PM269,1200
SER270,PM270,2000
SER271,PM271,1200
SER272,PM272,600
SER273,PM273,1200
SER274,PM274,2000
SER275,PM275,1200
SER276,PM276,1200
SER277,PM277,1200
SER278,PM278,600
SER279,PM279,2000
SER280,PM280,2000
SER281,PM281,2000
SER282,PM282,600
SER283,PM283,1200
SER284,PM284,2000
SER285,PM285,2000
SER286,PM286,1200
SER287,PM287,2000
SER288,PM288,1200
SER289,PM289,1200
SER290,PM290,1200
SER291,PM291,600
SER292,PM292,1200
SER293,PM293,2000
SER294,PM294,1200
SER295,PM295,2000
SER296,PM296,2000
SER297,PM297,2000
SER298,PM298,2000
SER299,PM299,1200
SER300,PM300,1200
SER301,PM301,2000
SER302,PM302,1200
SER303,PM303,600
SER304,PM304,1200
SER305,PM305,2000
SER306,PM306,2000
SER307,PM307,2000
SER308,PM308,2000
SER309,PM309,2000
SER310,PM310,2000
SER311,PM311,1200
SER312,PM312,2000
SER313,PM313,1200
SER314,PM314,600
SER315,PM315,600
SER316,PM316,1200
SER317,PM317,1200
SER318,PM318,1200
SER319,PM319,2000
SER320,PM320,2000
SER321,PM321,2000
SER322,PM322,1200
SER323,PM323,2000
SER324,PM324,1200
SER325,PM325,1200
SER326,PM326,600
SER327,PM327,1200
SER328,PM328,2000
SER329,PM329,1200
SER330,PM330,2000
SER331,PM331,2000
SER332,PM332,2000
SER333,PM333,1200
SER334,PM334,1200
SER335,PM335,2000
SER336,PM336,2000
SER337,PM337,1200
SER338,PM338,2000
SER339,PM339,1200
SER340,PM340,2000
SER341,PM341,2000
SER342,PM342,600
SER343,PM343,2000
SER344,PM344,1200
SER345,PM345,600
SER346,PM346,2000
SER347,PM347,2000
SER348,PM348,1200
SER349,PM349,1200
SER350,PM350,2000
SER351,PM351,1200
SER352,PM352,2000
SER353,PM353,2000
SER354,PM354,600
SER355,PM355,1200
SER356,PM356,1200
SER357,PM357,2000
SER358,PM358,1200
SER359,PM359,2000
SER360,PM360,1200
SER361,PM361,2000
SER362,PM362,1200
SER363,PM363,2000
SER364,PM364,2000
SER365,PM365,2000
SER366,PM366,600
SER367,PM367,2000
SER368,PM368,2000
SER369,PM369,1200
SER370,PM370,2000
SER371,PM371,2000
SER372,PM372,1200
SER373,PM373,2000
SER374,PM374,600
SER375,PM375,1200
SER376,PM376,1200
SER377,PM377,1200
SER378,PM378,1200
SER379,PM379,1200
SER380,PM380,1200
SER381,PM381,1200
SER382,PM382,2000
SER383,PM383,2000
SER384,PM384,2000
SER385,PM385,1200
SER386,PM386,1200
SER387,PM387,600
SER388,PM388,2000
SER389,PM389,2000
SER390,PM390,2000
SER391,PM391,600
SER392,PM392,1200
SER393,PM393,1200
SER394,PM394,1200
SER395,PM395,600
SER396,PM396,600
SER397,PM397,1200
SER398,PM398,2000
SER399,PM399,1200
SER400,PM400,2000
SER401,PM401,2000
SER402,PM402,2000
SER403,PM403,1200
SER404,PM404,2000
SER405,PM405,1200
SER406,PM406,1200
SER407,PM407,1200
SER408,PM408,2000
SER409,PM409,2000
SER410,PM410,2000
SER411,PM411,2000
SER412,PM412,2000
SER413,PM413,2000
SER414,PM414,1200
SER415,PM415,1200
SER416,PM416,600
SER417,PM417,1200
SER418,PM418,1200
SER419,PM419,2000
SER420,PM420,1200
SER421,PM421,1200
SER422,PM422,2000
SER423,PM423,600
SER424,PM424,1200
SER425,PM425,2000
SER426,PM426,2000
SER427,PM427,2000
SER428,PM428,1200
SER429,PM429,1200
SER430,PM430,2000
SER431,PM431,1200
SER432,PM432,2000
SER433,PM433,1200
SER434,PM434,2000
SER435,PM435,1200
SER436,PM436,1200
SER437,PM437,1200
SER438,PM438,1200
SER439,PM439,2000
SER440,PM440,1200
SER441,PM441,600
SER442,PM442,600
SER443,PM443,1200
SER444,PM444,2000
SER445,PM445,2000
SER446,PM446,1200
SER447,PM447,1200
SER448,PM448,1200
SER449,PM449,1200
SER450,PM450,1200
SER451,PM451,2000
SER452,PM452,1200
SER453,PM453,2000
SER454,PM454,2000
SER455,PM455,1200
SER456,PM456,2000
SER457,PM457,2000
SER458,PM458,2000
SER459,PM459,600
SER460,PM460,2000
SER461,PM461,1200
SER462,PM462,2000
SER463,PM463,1200
SER464,PM464,1200
SER465,PM465,2000
SER466,PM466,1200
SER467,PM467,2000
SER468,PM468,2000
SER469,PM469,1200
SER470,PM470,1200
SER471,PM471,1200
SER472,PM472,1200
SER473,PM473,1200
SER474,PM474,1200
SER475,PM475,1200
SER476,PM476,600
SER477,PM477,600
SER478,PM478,1200
SER479,PM479,2000
SER480,PM480,1200
SER481,PM481,1200
SER482,PM482,1200
SER483,PM483,1200
SER484,PM484,1200
SER485,PM485,2000
SER486,PM486,1200
SER487,PM487,2000
SER488,PM488,600
SER489,PM489,2000
SER490,PM490,2000
SER491,PM491,2000
SER492,PM492,1200
SER493,PM493,2000
SER494,PM494,1200
SER495,PM495,2000
SER496,PM496,1200
SER497,PM497,2000
SER498,PM498,600
SER499,PM499,1200
SER500,PM500,2000
SER501,PM501,2000
SER502,PM502,1200
SER503,PM503,1200
SER504,PM504,2000
SER505,PM505,1200
SER506,PM506,600
SER507,PM507,1200
SER508,PM508,2000
SER509,PM509,2000
SER510,PM510,2000
SER511,PM511,1200
SER512,PM512,2000
SER513,PM513,1200
SER514,PM514,2000
SER515,PM515,2000
SER516,PM516,2000
SER517,PM517,1200
SER518,PM518,1200
SER519,PM519,1200
SER520,PM520,1200
SER521,PM521,2000
SER522,PM522,1200
SER523,PM523,1200
SER524,PM524,1200
SER525,PM525,2000
SER526,PM526,2000
SER527,PM527,2000
SER528,PM528,1200
SER529,PM529,1200
SER530,PM530,600
SER531,PM531,600
SER532,PM532,600
SER533,PM533,2000
SER534,PM534,1200
SER535,PM535,2000
SER536,PM536,1200
SER537,PM537,1200
SER538,PM538,2000
SER539,PM539,1200
SER540,PM540,2000
SER541,PM541,1200
SER542,PM542,2000
SER543,PM543,1200
SER544,PM544,2000
SER545,PM545,1200
SER546,PM546,2000
SER547,PM547,1200
SER548,PM548,2000
SER549,PM549,1200
SER550,PM550,2000
SER551,PM551,600
SER552,PM552,2000
SER553,PM553,2000
SER554,PM554,1200
SER555,PM555,600
SER556,PM556,2000
SER557,PM557,1200
SER558,PM558,2000
SER559,PM559,2000
SER560,PM560,1200
SER561,PM561,1200
SER562,PM562,2000
SER563,PM563,1200
SER564,PM564,2000
SER565,PM565,2000
SER566,PM566,2000
SER567,PM567,1200
SER568,PM568,1200
SER569,PM569,1200
SER570,PM570,1200
SER571,PM571,2000
SER572,PM572,1200
SER573,PM573,1200
SER574,PM574,2000
SER575,PM575,1200
SER576,PM576,2000
SER577,PM577,1200
SER578,PM578,600
SER579,PM579,1200
SER580,PM580,2000
SER581,PM581,1200
SER582,PM582,1200
SER583,PM583,2000
SER584,PM584,2000
SER585,PM585,1200
SER586,PM586,2000
SER587,PM587,1200
SER588,PM588,2000
SER589,PM589,1200
SER590,PM590,1200
SER591,PM591,600
SER592,PM592,2000
SER593,PM593,1200
SER594,PM594,1200
SER595,PM595,1200
SER596,PM596,1200
SER597,PM597,2000
SER598,PM598,600
SER599,PM599,600
SER600,PM600,1200
SER601,PM601,2000
SER602,PM602,1200
SER603,PM603,1200
SER604,PM604,2000
SER605,PM605,1200
SER606,PM606,2000
SER607,PM607,2000
SER608,PM608,2000
SER609,PM609,1200
SER610,PM610,1200
SER611,PM611,2000
SER612,PM612,1200
SER613,PM613,1200
SER614,PM614,600
SER615,PM615,2000
SER616,PM616,1200
SER617,PM617,2000
SER618,PM618,2000
SER619,PM619,2000
SER620,PM620,2000
SER621,PM621,2000
SER622,PM622,600
SER623,PM623,2000
SER624,PM624,1200
SER625,PM625,1200
SER626,PM626,1200
SER627,PM627,1200
SER628,PM628,2000
SER629,PM629,2000
SER630,PM630,2000
SER631,PM631,1200
SER632,PM632,1200
SER633,PM633,2000
SER634,PM634,2000
SER635,PM635,1200
SER636,PM636,2000
SER637,PM637,2000
SER638,PM638,1200
SER639,PM639,600
SER640,PM640,1200
SER641,PM641,600
SER642,PM642,1200
SER643,PM643,2000
SER644,PM644,2000
SER645,PM645,1200
SER646,PM646,2000
SER647,PM647,2000
SER648,PM648,2000
SER649,PM649,1200
SER650,PM650,2000
SER651,PM651,1200
SER652,PM652,2000
SER653,PM653,1200
SER654,PM654,2000
SER655,PM655,2000
SER656,PM656,1200
SER657,PM657,1200
SER658,PM658,600
SER659,PM659,2000
SER660,PM660,1200
SER661,PM661,2000
SER662,PM662,600
SER663,PM663,1200
SER664,PM664,2000
SER665,PM665,1200
SER666,PM666,2000
SER667,PM667,2000
SER668,PM668,1200
SER669,PM669,2000
SER670,PM670,2000
SER671,PM671,1200
SER672,PM672,1200
SER673,PM673,2000
SER674,PM674,1200
SER675,PM675,1200
SER676,PM676,1200
SER677,PM677,2000
SER678,PM678,2000
SER679,PM679,2000
SER680,PM680,1200
SER681,PM681,1200
SER682,PM682,1200
SER683,PM683,2000
SER684,PM684,1200
SER685,PM685,2000
SER686,PM686,1200
SER687,PM687,1200
SER688,PM688,2000
SER689,PM689,1200
SER690,PM690,1200
SER691,PM691,2000
SER692,PM692,1200
SER693,PM693,2000
SER694,PM694,2000
SER695,PM695,1200
SER696,PM696,2000
SER697,PM697,2000
SER698,PM698,2000
SER699,PM699,2000
SER700,PM700,1200
SER701,PM701,1200
SER702,PM702,1200
SER703,PM703,2000
SER704,PM704,1200
SER705,PM705,2000
SER706,PM706,2000
SER707,PM707,2000
SER708,PM708,1200
SER709,PM709,2000
SER710,PM710,1200
SER711,PM711,1200
SER712,PM712,1200
SER713,PM713,2000
SER714,PM714,600
SER715,PM715,2000
SER716,PM716,1200
SER717,PM717,2000
SER718,PM718,600
SER719,PM719,1200
SER720,PM720,1200
SER721,PM721,1200
SER722,PM722,600
SER723,PM723,600
SER724,PM724,1200
SER725,PM725,2000
SER726,PM726,1200
SER727,PM727,2000
SER728,PM728,1200
SER729,PM729,2000
SER730,PM730,2000
SER731,PM731,2000
SER732,PM732,1200
SER733,PM733,1200
SER734,PM734,1200
SER735,PM735,1200
SER736,PM736,1200
SER737,PM737,1200
SER738,PM738,1200
SER739,PM739,2000
SER740,PM740,2000
SER741,PM741,2000
SER742,PM742,600
SER743,PM743,1200
SER744,PM744,1200
SER745,PM745,1200
SER746,PM746,1200
SER747,PM747,1200
SER748,PM748,2000
SER749,PM749,1200
SER750,PM750,600
SER751,PM751,1200
SER752,PM752,1200
SER753,PM753,2000
SER754,PM754,2000
SER755,PM755,1200
SER756,PM756,1200
SER757,PM757,2000
SER758,PM758,1200
SER759,PM759,2000
SER760,PM760,2000
SER761,PM761,2000
SER762,PM762,600
SER763,PM763,2000
SER764,PM764,1200
SER765,PM765,2000
SER766,PM766,1200
SER767,PM767,2000
SER768,PM768,1200
SER769,PM769,600
SER770,PM770,2000
SER771,PM771,2000
SER772,PM772,1200
SER773,PM773,2000
SER774,PM774,2000
SER775,PM775,1200
SER776,PM776,1200
SER777,PM777,1200
SER778,PM778,2000
SER779,PM779,2000
SER780,PM780,1200
SER781,PM781,1200
SER782,PM782,1200
SER783,PM783,2000
SER784,PM784,1200
SER785,PM785,2000
SER786,PM786,1200
SER787,PM787,600
SER788,PM788,2000
SER789,PM789,600
SER790,PM790,2000
SER791,PM791,1200
SER792,PM792,1200
SER793,PM793,2000
SER794,PM794,1200
SER795,PM795,1200
SER796,PM796,2000
SER797,PM797,1200
SER798,PM798,2000
SER799,PM799,1200
SER800,PM800,1200
SER801,PM801,1200
SER802,PM802,1200
SER803,PM803,600
SER804,PM804,2000
SER805,PM805,2000
SER806,PM806,2000
SER807,PM807,2000
SER808,PM808,1200
SER809,PM809,2000
SER810,PM810,2000
SER811,PM811,2000
SER812,PM812,2000
SER813,PM813,1200
SER814,PM814,1200
SER815,PM815,1200
SER816,PM816,1200
SER817,PM817,1200
SER818,PM818,1200
SER819,PM819,1200
SER820,PM820,2000
SER821,PM821,1200
SER822,PM822,2000
SER823,PM823,1200
SER824,PM824,1200
SER825,PM825,2000
SER826,PM826,1200
SER827,PM827,1200
SER828,PM828,1200
SER829,PM829,1200
SER830,PM830,1200
SER831,PM831,1200
SER832,PM832,1200
SER833,PM833,600
SER834,PM834,2000
SER835,PM835,1200
SER836,PM836,600
SER837,PM837,2000
SER838,PM838,1200
SER839,PM839,1200
SER840,PM840,1200
SER841,PM841,1200
SER842,PM842,2000
SER843,PM843,600
SER844,PM844,2000
SER845,PM845,2000
SER846,PM846,2000
SER847,PM847,2000
SER848,PM848,1200
SER849,PM849,2000
SER850,PM850,2000
SER851,PM851,1200
SER852,PM852,600
SER853,PM853,2000
SER854,PM854,2000
SER855,PM855,1200
SER856,PM856,600
SER857,PM857,600
SER858,PM858,2000
SER859,PM859,1200
SER860,PM860,2000
SER861,PM861,1200
SER862,PM862,2000
SER863,PM863,1200
SER864,PM864,1200
SER865,PM865,2000
SER866,PM866,2000
SER867,PM867,2000
SER868,PM868,600
SER869,PM869,2000
SER870,PM870,2000
SER871,PM871,1200
SER872,PM872,1200
SER873,PM873,2000
SER874,PM874,1200
SER875,PM875,2000
SER876,PM876,2000
SER877,PM877,1200
SER878,PM878,1200
SER879,PM879,1200
SER880,PM880,1200
SER881,PM881,600
SER882,PM882,1200
SER883,PM883,1200
SER884,PM884,1200
SER885,PM885,2000
SER886,PM886,2000
SER887,PM887,1200
SER888,PM888,1200
SER889,PM889,1200
SER890,PM890,1200
SER891,PM891,2000
SER892,PM892,2000
SER893,PM893,2000
SER894,PM894,2000
SER895,PM895,2000
SER896,PM896,600
SER897,PM897,1200
SER898,PM898,600
SER899,PM899,1200
SER900,PM900,2000
SER901,PM901,2000
SER902,PM902,1200
SER903,PM903,2000
SER904,PM904,1200
SER905,PM905,2000
SER906,PM906,1200
SER907,PM907,1200
SER908,PM908,1200
SER909,PM909,1200
SER910,PM910,1200
SER911,PM911,2000
SER912,PM912,2000
SER913,PM913,1200
SER914,PM914,600
SER915,PM915,2000
SER916,PM916,1200
SER917,PM917,1200
SER918,PM918,600
SER919,PM919,1200
SER920,PM920,1200
SER921,PM921,1200
SER922,PM922,1200
SER923,PM923,1200
SER924,PM924,2000
SER925,PM925,600
SER926,PM926,2000
SER927,PM927,1200
SER928,PM928,600
SER929,PM929,1200
SER930,PM930,2000
SER931,PM931,1200
SER932,PM932,1200
SER933,PM933,2000
SER934,PM934,2000
SER935,PM935,2000
SER936,PM936,1200
SER937,PM937,1200
SER938,PM938,2000
SER939,PM939,1200
SER940,PM940,1200
SER941,PM941,2000
SER942,PM942,2000
SER943,PM943,2000
SER944,PM944,2000
SER945,PM945,1200
SER946,PM946,1200
SER947,PM947,1200
SER948,PM948,2000
SER949,PM949,1200
SER950,PM950,600
SER951,PM951,1200
SER952,PM952,1200
SER953,PM953,1200
SER954,PM954,1200
SER955,PM955,600
SER956,PM956,2000
SER957,PM957,1200
SER958,PM958,1200
SER959,PM959,2000
SER960,PM960,2000
SER961,PM961,2000
SER962,PM962,2000
SER963,PM963,1200
SER964,PM964,600
SER965,PM965,1200
SER966,PM966,1200
SER967,PM967,2000
SER968,PM968,1200
SER969,PM969,1200
SER970,PM970,1200
SER971,PM971,1200
SER972,PM972,2000
SER973,PM973,1200
SER974,PM974,1200
SER975,PM975,1200
SER976,PM976,600
SER977,PM977,2000
SER978,PM978,1200
SER979,PM979,600
SER980,PM980,1200
SER981,PM981,1200
SER982,PM982,2000
SER983,PM983,1200
SER984,PM984,2000
SER985,PM985,1200
SER986,PM986,2000
SER987,PM987,2000
SER988,PM988,1200
SER989,PM989,1200
SER990,PM990,1200
SER991,PM991,2000
SER992,PM992,1200
SER993,PM993,2000
SER994,PM994,1200
SER995,PM995,2000
SER996,PM996,2000
SER997,PM997,1200
SER998,PM998,600
SER999,PM999,1200
SER1000,PM1000,1200
SER1001,PM1001,1200
SER1002,PM1002,1200
SER1003,PM1003,2000
SER1004,PM1004,2000
SER1005,PM1005,600
SER1006,PM1006,1200
SER1007,PM1007,2000
SER1008,PM1008,1200
SER1009,PM1009,1200
SER1010,PM1010,2000
SER1011,PM1011,2000
SER1012,PM1012,2000
SER1013,PM1013,2000
SER1014,PM1014,2000
SER1015,PM1015,2000
SER1016,PM1016,2000
SER1017,PM1017,2000
SER1018,PM1018,1200
SER1019,PM1019,2000
SER1020,PM1020,1200
SER1021,PM1021,1200
SER1022,PM1022,1200
SER1023,PM1023,1200
SER1024,PM1024,1200
SER1025,PM1025,2000
SER1026,PM1026,2000
SER1027,PM1027,2000
SER1028,PM1028,1200
SER1029,PM1029,600
SER1030,PM1030,1200
SER1031,PM1031,2000
SER1032,PM1032,1200
SER1033,PM1033,1200
SER1034,PM1034,1200
SER1035,PM1035,600
SER1036,PM1036,2000
SER1037,PM1037,2000
SER1038,PM1038,1200
SER1039,PM1039,2000
SER1040,PM1040,1200
SER1041,PM1041,1200
SER1042,PM1042,2000
SER1043,PM1043,2000
SER1044,PM1044,1200
SER1045,PM1045,2000
SER1046,PM1046,2000
SER1047,PM1047,2000
SER1048,PM1048,2000
SER1049,PM1049,2000
SER1050,PM1050,1200
SER1051,PM1051,600
SER1052,PM1052,2000
SER1053,PM1053,1200
SER1054,PM1054,600
SER1055,PM1055,1200
SER1056,PM1056,2000
SER1057,PM1057,1200
SER1058,PM1058,2000
SER1059,PM1059,2000
SER1060,PM1060,2000
SER1061,PM1061,600
SER1062,PM1062,1200
SER1063,PM1063,2000
SER1064,PM1064,1200
SER1065,PM1065,2000
SER1066,PM1066,1200
SER1067,PM1067,1200
SER1068,PM1068,2000
SER1069,PM1069,2000
SER1070,PM1070,2000
SER1071,PM1071,600
SER1072,PM1072,1200
SER1073,PM1073,1200
SER1074,PM1074,600
SER1075,PM1075,2000
SER1076,PM1076,600
SER1077,PM1077,2000
SER1078,PM1078,1200
SER1079,PM1079,1200
SER1080,PM1080,600
SER1081,PM1081,2000
SER1082,PM1082,2000
SER1083,PM1083,600
SER1084,PM1084,1200
SER1085,PM1085,2000
SER1086,PM1086,2000
SER1087,PM1087,1200
SER1088,PM1088,1200
SER1089,PM1089,1200
SER1090,PM1090,2000
SER1091,PM1091,1200
SER1092,PM1092,1200
SER1093,PM1093,1200
SER1094,PM1094,2000
SER1095,PM1095,1200
SER1096,PM1096,1200
SER1097,PM1097,1200
SER1098,PM1098,600
SER1099,PM1099,2000
SER1100,PM1100,1200
SER1101,PM1101,2000
SER1102,PM1102,2000
SER1103,PM1103,2000
SER1104,PM1104,1200
SER1105,PM1105,1200
SER1106,PM1106,1200
SER1107,PM1107,1200
SER1108,PM1108,1200
SER1109,PM1109,2000
SER1110,PM1110,2000
SER1111,PM1111,2000
SER1112,PM1112,2000
SER1113,PM1113,1200
SER1114,PM1114,1200
SER1115,PM1115,1200
SER1116,PM1116,1200
SER1117,PM1117,2000
SER1118,PM1118,1200
SER1119,PM1119,1200
SER1120,PM1120,2000
SER1121,PM1121,1200
SER1122,PM1122,2000
SER1123,PM1123,2000
SER1124,PM1124,1200
SER1125,PM1125,2000
SER1126,PM1126,1200
SER1127,PM1127,1200
SER1128,PM1128,2000
SER1129,PM1129,1200
SER1130,PM1130,1200
SER1131,PM1131,1200
SER1132,PM1132,2000
SER1133,PM1133,2000
SER1134,PM1134,2000
SER1135,PM1135,2000
SER1136,PM1136,1200
SER1137,PM1137,1200
SER1138,PM1138,2000
SER1139,PM1139,2000
SER1140,PM1140,1200
SER1141,PM1141,2000
SER1142,PM1142,2000
SER1143,PM1143,2000
SER1144,PM1144,1200
SER1145,PM1145,2000
SER1146,PM1146,1200
SER1147,PM1147,1200
SER1148,PM1148,1200
SER1149,PM1149,1200
SER1150,PM1150,2000
SER1151,PM1151,2000
SER1152,PM1152,2000
SER1153,PM1153,1200
SER1154,PM1154,2000
SER1155,PM1155,2000
SER1156,PM1156,1200
SER1157,PM1157,2000
SER1158,PM1158,1200
SER1159,PM1159,1200
SER1160,PM1160,1200
SER1161,PM1161,1200
SER1162,PM1162,1200
SER1163,PM1163,1200
SER1164,PM1164,1200
SER1165,PM1165,2000
SER1166,PM1166,1200
SER1167,PM1167,600
SER1168,PM1168,2000
SER1169,PM1169,1200
SER1170,PM1170,2000
SER1171,PM1171,2000
SER1172,PM1172,2000
SER1173,PM1173,2000
SER1174,PM1174,2000
SER1175,PM1175,2000
SER1176,PM1176,2000
SER1177,PM1177,2000
SER1178,PM1178,1200
SER1179,PM1179,2000
SER1180,PM1180,2000
SER1181,PM1181,1200
SER1182,PM1182,1200
SER1183,PM1183,2000
SER1184,PM1184,2000
SER1185,PM1185,1200
SER1186,PM1186,1200
SER1187,PM1187,2000
SER1188,PM1188,2000
SER1189,PM1189,2000
SER1190,PM1190,1200
SER1191,PM1191,2000
SER1192,PM1192,1200
SER1193,PM1193,2000
SER1194,PM1194,1200
SER1195,PM1195,2000
SER1196,PM1196,2000
SER1197,PM1197,1200
SER1198,PM1198,2000
SER1199,PM1199,2000
SER1200,PM1200,1200
SER1201,PM1201,1200
SER1202,PM1202,1200
SER1203,PM1203,1200
SER1204,PM1204,2000
SER1205,PM1205,2000
SER1206,PM1206,2000
SER1207,PM1207,600
SER1208,PM1208,1200
SER1209,PM1209,1200
SER1210,PM1210,2000
SER1211,PM1211,1200
SER1212,PM1212,1200
SER1213,PM1213,2000
SER1214,PM1214,1200
SER1215,PM1215,1200
SER1216,PM1216,2000
SER1217,PM1217,1200
SER1218,PM1218,2000
SER1219,PM1219,1200
SER1220,PM1220,1200
SER1221,PM1221,2000
SER1222,PM1222,1200
SER1223,PM1223,1200
SER1224,PM1224,600
SER1225,PM1225,2000
SER1226,PM1226,2000
SER1227,PM1227,2000
SER1228,PM1228,2000
SER1229,PM1229,1200
SER1230,PM1230,1200
SER1231,PM1231,1200
SER1232,PM1232,1200
SER1233,PM1233,1200
SER1234,PM1234,1200
SER1235,PM1235,2000
SER1236,PM1236,1200
SER1237,PM1237,1200
SER1238,PM1238,1200
SER1239,PM1239,1200
SER1240,PM1240,600
SER1241,PM1241,600
SER1242,PM1242,1200
SER1243,PM1243,1200
SER1244,PM1244,2000
SER1245,PM1245,2000
SER1246,PM1246,2000
SER1247,PM1247,2000
SER1248,PM1248,600
SER1249,PM1249,2000
SER1250,PM1250,1200
SER1251,PM1251,1200
SER1252,PM1252,1200
SER1253,PM1253,2000
SER1254,PM1254,1200
SER1255,PM1255,1200
SER1256,PM1256,2000
SER1257,PM1257,2000
SER1258,PM1258,2000
SER1259,PM1259,2000
SER1260,PM1260,1200
SER1261,PM1261,2000
SER1262,PM1262,600
SER1263,PM1263,1200
SER1264,PM1264,2000
SER1265,PM1265,2000
SER1266,PM1266,1200
SER1267,PM1267,2000
SER1268,PM1268,1200
SER1269,PM1269,1200
SER1270,PM1270,2000
SER1271,PM1271,1200
SER1272,PM1272,1200
SER1273,PM1273,2000
SER1274,PM1274,2000
SER1275,PM1275,2000
SER1276,PM1276,2000
SER1277,PM1277,1200
SER1278,PM1278,1200
SER1279,PM1279,1200
SER1280,PM1280,2000
SER1281,PM1281,2000
SER1282,PM1282,2000
SER1283,PM1283,2000
SER1284,PM1284,1200
SER1285,PM1285,2000
SER1286,PM1286,2000
SER1287,PM1287,2000
SER1288,PM1288,1200
SER1289,PM1289,2000
SER1290,PM1290,1200
SER1291,PM1291,1200
SER1292,PM1292,2000
SER1293,PM1293,2000
SER1294,PM1294,2000
SER1295,PM1295,1200
SER1296,PM1296,1200
SER1297,PM1297,2000
SER1298,PM1298,1200
SER1299,PM1299,600
SER1300,PM1300,2000
SER1301,PM1301,1200
SER1302,PM1302,1200
SER1303,PM1303,2000
SER1304,PM1304,2000
SER1305,PM1305,1200
SER1306,PM1306,600
SER1307,PM1307,2000
SER1308,PM1308,1200
SER1309,PM1309,1200
SER1310,PM1310,1200
SER1311,PM1311,2000
SER1312,PM1312,1200
SER1313,PM1313,1200
SER1314,PM1314,2000
SER1315,PM1315,1200
SER1316,PM1316,1200
SER1317,PM1317,2000
SER1318,PM1318,2000
SER1319,PM1319,2000
SER1320,PM1320,600
SER1321,PM1321,1200
SER1322,PM1322,1200
SER1323,PM1323,1200
SER1324,PM1324,2000
SER1325,PM1325,2000
SER1326,PM1326,2000
SER1327,PM1327,1200
SER1328,PM1328,2000
SER1329,PM1329,600
SER1330,PM1330,2000
SER1331,PM1331,1200
SER1332,PM1332,1200
SER1333,PM1333,2000
SER1334,PM1334,1200
SER1335,PM1335,1200
SER1336,PM1336,1200
SER1337,PM1337,1200
SER1338,PM1338,2000
SER1339,PM1339,1200
SER1340,PM1340,1200
SER1341,PM1341,2000
SER1342,PM1342,1200
SER1343,PM1343,2000
SER1344,PM1344,2000
SER1345,PM1345,2000
SER1346,PM1346,2000
SER1347,PM1347,1200
SER1348,PM1348,2000
SER1349,PM1349,1200
SER1350,PM1350,2000
SER1351,PM1351,600
SER1352,PM1352,1200
SER1353,PM1353,2000
SER1354,PM1354,600
SER1355,PM1355,2000
SER1356,PM1356,2000
SER1357,PM1357,1200
SER1358,PM1358,2000
SER1359,PM1359,2000
SER1360,PM1360,600
SER1361,PM1361,1200
SER1362,PM1362,1200
SER1363,PM1363,1200
SER1364,PM1364,1200
SER1365,PM1365,1200
SER1366,PM1366,2000
SER1367,PM1367,1200
SER1368,PM1368,1200
SER1369,PM1369,1200
SER1370,PM1370,1200
SER1371,PM1371,1200
SER1372,PM1372,1200
SER1373,PM1373,2000
SER1374,PM1374,2000
SER1375,PM1375,2000
SER1376,PM1376,600
SER1377,PM1377,1200
SER1378,PM1378,2000
SER1379,PM1379,1200
SER1380,PM1380,2000
SER1381,PM1381,2000
SER1382,PM1382,2000
SER1383,PM1383,1200
SER1384,PM1384,1200
SER1385,PM1385,2000
SER1386,PM1386,1200
SER1387,PM1387,1200
SER1388,PM1388,2000
SER1389,PM1389,1200
SER1390,PM1390,2000
SER1391,PM1391,1200
SER1392,PM1392,1200
SER1393,PM1393,2000
SER1394,PM1394,1200
SER1395,PM1395,2000
SER1396,PM1396,1200
SER1397,PM1397,1200
SER1398,PM1398,2000
SER1399,PM1399,1200
SER1400,PM1400,2000
SER1401,PM1401,1200
SER1402,PM1402,1200
SER1403,PM1403,1200
SER1404,PM1404,2000
SER1405,PM1405,1200
SER1406,PM1406,1200
SER1407,PM1407,1200
SER1408,PM1408,2000
SER1409,PM1409,600
SER1410,PM1410,2000
SER1411,PM1411,2000
SER1412,PM1412,2000
SER1413,PM1413,2000
SER1414,PM1414,1200
SER1415,PM1415,2000
SER1416,PM1416,2000
SER1417,PM1417,1200
SER1418,PM1418,2000
SER1419,PM1419,1200
SER1420,PM1420,1200
SER1421,PM1421,2000
SER1422,PM1422,2000
SER1423,PM1423,1200
SER1424,PM1424,2000
SER1425,PM1425,600
SER1426,PM1426,2000
SER1427,PM1427,2000
SER1428,PM1428,2000
SER1429,PM1429,1200
SER1430,PM1430,1200
SER1431,PM1431,2000
SER1432,PM1432,1200
SER1433,PM1433,1200
SER1434,PM1434,1200
SER1435,PM1435,2000
SER1436,PM1436,1200
SER1437,PM1437,1200
SER1438,PM1438,1200
SER1439,PM1439,1200
SER1440,PM1440,2000
SER1441,PM1441,600
SER1442,PM1442,2000
SER1443,PM1443,1200
SER1444,PM1444,1200
SER1445,PM1445,1200
SER1446,PM1446,1200
SER1447,PM1447,1200
SER1448,PM1448,1200
SER1449,PM1449,1200
SER1450,PM1450,2000
SER1451,PM1451,1200
SER1452,PM1452,2000
SER1453,PM1453,1200
SER1454,PM1454,600
SER1455,PM1455,600
SER1456,PM1456,2000
SER1457,PM1457,1200
SER1458,PM1458,1200
SER1459,PM1459,2000
SER1460,PM1460,2000
SER1461,PM1461,1200
SER1462,PM1462,1200
SER1463,PM1463,1200
SER1464,PM1464,1200
SER1465,PM1465,1200
SER1466,PM1466,2000
SER1467,PM1467,1200
SER1468,PM1468,1200
SER1469,PM1469,2000
SER1470,PM1470,2000
SER1471,PM1471,1200
SER1472,PM1472,1200
SER1473,PM1473,2000
SER1474,PM1474,600
SER1475,PM1475,1200
SER1476,PM1476,2000
SER1477,PM1477,2000
SER1478,PM1478,2000
SER1479,PM1479,600
SER1480,PM1480,1200
SER1481,PM1481,1200
SER1482,PM1482,1200
SER1483,PM1483,600
SER1484,PM1484,1200
SER1485,PM1485,1200
SER1486,PM1486,1200
SER1487,PM1487,2000
SER1488,PM1488,1200
SER1489,PM1489,1200
SER1490,PM1490,2000
SER1491,PM1491,2000
SER1492,PM1492,2000
SER1493,PM1493,2000
SER1494,PM1494,1200
SER1495,PM1495,1200
SER1496,PM1496,600
SER1497,PM1497,2000
SER1498,PM1498,1200
SER1499,PM1499,1200
SER1500,PM1500,1200
SER1501,PM1501,2000
SER1502,PM1502,1200
SER1503,PM1503,2000
SER1504,PM1504,1200
SER1505,PM1505,2000
SER1506,PM1506,1200
SER1507,PM1507,1200
SER1508,PM1508,2000
SER1509,PM1509,1200
SER1510,PM1510,2000
SER1511,PM1511,600
SER1512,PM1512,1200
SER1513,PM1513,2000
SER1514,PM1514,2000
SER1515,PM1515,1200
SER1516,PM1516,1200
SER1517,PM1517,2000
SER1518,PM1518,2000
SER1519,PM1519,1200
SER1520,PM1520,1200
SER1521,PM1521,2000
SER1522,PM1522,1200
SER1523,PM1523,2000
SER1524,PM1524,2000
SER1525,PM1525,1200
SER1526,PM1526,1200
SER1527,PM1527,2000
SER1528,PM1528,1200
SER1529,PM1529,600
SER1530,PM1530,1200
SER1531,PM1531,1200
SER1532,PM1532,1200
SER1533,PM1533,600
SER1534,PM1534,1200
SER1535,PM1535,1200
SER1536,PM1536,2000
SER1537,PM1537,1200
SER1538,PM1538,1200
SER1539,PM1539,2000
SER1540,PM1540,1200
SER1541,PM1541,1200
SER1542,PM1542,1200
SER1543,PM1543,2000
SER1544,PM1544,2000
SER1545,PM1545,1200
SER1546,PM1546,1200
SER1547,PM1547,2000
SER1548,PM1548,600
SER1549,PM1549,2000
SER1550,PM1550,1200
SER1551,PM1551,2000
SER1552,PM1552,1200
SER1553,PM1553,2000
SER1554,PM1554,1200
SER1555,PM1555,1200
SER1556,PM1556,1200
SER1557,PM1557,1200
SER1558,PM1558,1200
SER1559,PM1559,1200
SER1560,PM1560,1200
SER1561,PM1561,2000
SER1562,PM1562,600
SER1563,PM1563,2000
SER1564,PM1564,1200
SER1565,PM1565,2000
SER1566,PM1566,2000
SER1567,PM1567,2000
SER1568,PM1568,2000
SER1569,PM1569,600
SER1570,PM1570,2000
SER1571,PM1571,1200
SER1572,PM1572,2000
SER1573,PM1573,1200
SER1574,PM1574,2000
SER1575,PM1575,1200
SER1576,PM1576,2000
SER1577,PM1577,2000
SER1578,PM1578,1200
SER1579,PM1579,1200
SER1580,PM1580,1200
SER1581,PM1581,1200
SER1582,PM1582,1200
SER1583,PM1583,600
SER1584,PM1584,1200
SER1585,PM1585,1200
SER1586,PM1586,2000
SER1587,PM1587,1200
SER1588,PM1588,2000
SER1589,PM1589,2000
SER1590,PM1590,1200
SER1591,PM1591,1200
SER1592,PM1592,1200
SER1593,PM1593,1200
SER1594,PM1594,1200
SER1595,PM1595,1200
SER1596,PM1596,1200
SER1597,PM1597,1200
SER1598,PM1598,1200
SER1599,PM1599,1200
SER1600,PM1600,2000
SER1601,PM1601,2000
SER1602,PM1602,1200
SER1603,PM1603,600
SER1604,PM1604,1200
SER1605,PM1605,1200
SER1606,PM1606,2000
SER1607,PM1607,1200
SER1608,PM1608,1200
SER1609,PM1609,1200
SER1610,PM1610,2000
SER1611,PM1611,1200
SER1612,PM1612,2000
SER1613,PM1613,2000
SER1614,PM1614,1200
SER1615,PM1615,2000
SER1616,PM1616,1200
SER1617,PM1617,1200
SER1618,PM1618,600
SER1619,PM1619,2000
SER1620,PM1620,2000
SER1621,PM1621,2000
SER1622,PM1622,1200
SER1623,PM1623,2000
SER1624,PM1624,1200
SER1625,PM1625,1200
SER1626,PM1626,1200
SER1627,PM1627,2000
SER1628,PM1628,1200
SER1629,PM1629,2000
SER1630,PM1630,1200
SER1631,PM1631,2000
SER1632,PM1632,1200
SER1633,PM1633,2000
SER1634,PM1634,2000
SER1635,PM1635,2000
SER1636,PM1636,1200
SER1637,PM1637,600
SER1638,PM1638,1200
SER1639,PM1639,2000
SER1640,PM1640,1200
SER1641,PM1641,1200
SER1642,PM1642,2000
SER1643,PM1643,2000
SER1644,PM1644,600
SER1645,PM1645,2000
SER1646,PM1646,1200
SER1647,PM1647,2000
SER1648,PM1648,1200
SER1649,PM1649,1200
SER1650,PM1650,1200
SER1651,PM1651,2000
SER1652,PM1652,1200
SER1653,PM1653,2000
SER1654,PM1654,2000
SER1655,PM1655,1200
SER1656,PM1656,2000
SER1657,PM1657,1200
SER1658,PM1658,2000
SER1659,PM1659,1200
SER1660,PM1660,1200
SER1661,PM1661,2000
SER1662,PM1662,2000
SER1663,PM1663,1200
SER1664,PM1664,1200
SER1665,PM1665,2000
SER1666,PM1666,2000
SER1667,PM1667,2000
SER1668,PM1668,2000
SER1669,PM1669,1200
SER1670,PM1670,2000
SER1671,PM1671,1200
SER1672,PM1672,2000
SER1673,PM1673,1200
SER1674,PM1674,1200
SER1675,PM1675,1200
SER1676,PM1676,2000
SER1677,PM1677,2000
SER1678,PM1678,2000
SER1679,PM1679,600
SER1680,PM1680,2000
SER1681,PM1681,1200
SER1682,PM1682,1200
SER1683,PM1683,2000
SER1684,PM1684,1200
SER1685,PM1685,1200
SER1686,PM1686,2000
SER1687,PM1687,1200
SER1688,PM1688,1200
SER1689,PM1689,2000
SER1690,PM1690,1200
SER1691,PM1691,2000
SER1692,PM1692,1200
SER1693,PM1693,2000
SER1694,PM1694,1200
SER1695,PM1695,1200
SER1696,PM1696,1200
SER1697,PM1697,600
SER1698,PM1698,2000
SER1699,PM1699,1200
SER1700,PM1700,1200
SER1701,PM1701,2000
SER1702,PM1702,1200
SER1703,PM1703,1200
SER1704,PM1704,1200
SER1705,PM1705,1200
SER1706,PM1706,1200
SER1707,PM1707,1200
SER1708,PM1708,2000
SER1709,PM1709,1200
SER1710,PM1710,2000
SER1711,PM1711,1200
SER1712,PM1712,2000
SER1713,PM1713,1200
SER1714,PM1714,1200
SER1715,PM1715,2000
SER1716,PM1716,2000
SER1717,PM1717,1200
SER1718,PM1718,1200
SER1719,PM1719,2000
SER1720,PM1720,600
SER1721,PM1721,1200
SER1722,PM1722,2000
SER1723,PM1723,1200
SER1724,PM1724,1200
SER1725,PM1725,1200
SER1726,PM1726,2000
SER1727,PM1727,1200
SER1728,PM1728,2000
SER1729,PM1729,1200
SER1730,PM1730,2000
SER1731,PM1731,1200
SER1732,PM1732,2000
SER1733,PM1733,2000
SER1734,PM1734,2000
SER1735,PM1735,1200
SER1736,PM1736,2000
SER1737,PM1737,1200
SER1738,PM1738,1200
SER1739,PM1739,1200
SER1740,PM1740,1200
SER1741,PM1741,2000
SER1742,PM1742,1200
SER1743,PM1743,1200
SER1744,PM1744,2000
SER1745,PM1745,1200
SER1746,PM1746,1200
SER1747,PM1747,1200
SER1748,PM1748,1200
SER1749,PM1749,2000
SER1750,PM1750,1200
SER1751,PM1751,2000
SER1752,PM1752,2000
SER1753,PM1753,1200
SER1754,PM1754,1200
SER1755,PM1755,1200
SER1756,PM1756,2000
SER1757,PM1757,600
SER1758,PM1758,1200
SER1759,PM1759,1200
SER1760,PM1760,1200
SER1761,PM1761,1200
SER1762,PM1762,2000
SER1763,PM1763,2000
SER1764,PM1764,1200
SER1765,PM1765,1200
SER1766,PM1766,2000
SER1767,PM1767,2000
SER1768,PM1768,2000
SER1769,PM1769,1200
SER1770,PM1770,1200
SER1771,PM1771,2000
SER1772,PM1772,2000
SER1773,PM1773,1200
SER1774,PM1774,2000
SER1775,PM1775,2000
SER1776,PM1776,1200
SER1777,PM1777,2000
SER1778,PM1778,1200
SER1779,PM1779,2000
SER1780,PM1780,1200
SER1781,PM1781,1200
SER1782,PM1782,1200
SER1783,PM1783,1200
SER1784,PM1784,2000
SER1785,PM1785,2000
SER1786,PM1786,2000
SER1787,PM1787,1200
SER1788,PM1788,2000
SER1789,PM1789,1200
SER1790,PM1790,2000
SER1791,PM1791,2000
SER1792,PM1792,2000
SER1793,PM1793,1200
SER1794,PM1794,1200
SER1795,PM1795,2000
SER1796,PM1796,600
SER1797,PM1797,2000
SER1798,PM1798,2000
SER1799,PM1799,1200
SER1800,PM1800,2000
SER1801,PM1801,1200
SER1802,PM1802,2000
SER1803,PM1803,600
SER1804,PM1804,1200
SER1805,PM1805,2000
SER1806,PM1806,1200
SER1807,PM1807,1200
SER1808,PM1808,2000
SER1809,PM1809,2000
SER1810,PM1810,2000
SER1811,PM1811,2000
SER1812,PM1812,1200
SER1813,PM1813,600
SER1814,PM1814,1200
SER1815,PM1815,600
SER1816,PM1816,1200
SER1817,PM1817,1200
SER1818,PM1818,1200
SER1819,PM1819,1200
SER1820,PM1820,2000
SER1821,PM1821,1200
SER1822,PM1822,1200
SER1823,PM1823,2000
SER1824,PM1824,1200
SER1825,PM1825,2000
SER1826,PM1826,1200
SER1827,PM1827,1200
SER1828,PM1828,600
SER1829,PM1829,1200
SER1830,PM1830,1200
SER1831,PM1831,600
SER1832,PM1832,2000
SER1833,PM1833,2000
SER1834,PM1834,1200
SER1835,PM1835,2000
SER1836,PM1836,1200
SER1837,PM1837,2000
SER1838,PM1838,2000
SER1839,PM1839,2000
SER1840,PM1840,2000
SER1841,PM1841,2000
SER1842,PM1842,1200
SER1843,PM1843,1200
SER1844,PM1844,2000
SER1845,PM1845,2000
SER1846,PM1846,600
SER1847,PM1847,2000
SER1848,PM1848,2000
SER1849,PM1849,2000
SER1850,PM1850,2000
SER1851,PM1851,2000
SER1852,PM1852,1200
SER1853,PM1853,2000
SER1854,PM1854,1200
SER1855,PM1855,1200
SER1856,PM1856,1200
SER1857,PM1857,1200
SER1858,PM1858,2000
SER1859,PM1859,2000
SER1860,PM1860,1200
SER1861,PM1861,1200
SER1862,PM1862,1200
SER1863,PM1863,1200
SER1864,PM1864,1200
SER1865,PM1865,1200
SER1866,PM1866,1200
SER1867,PM1867,1200
SER1868,PM1868,1200
SER1869,PM1869,600
SER1870,PM1870,1200
SER1871,PM1871,1200
SER1872,PM1872,1200
SER1873,PM1873,600
SER1874,PM1874,2000
SER1875,PM1875,2000
SER1876,PM1876,1200
SER1877,PM1877,1200
SER1878,PM1878,1200
SER1879,PM1879,2000
SER1880,PM1880,1200
SER1881,PM1881,1200
SER1882,PM1882,1200
SER1883,PM1883,1200
SER1884,PM1884,1200
SER1885,PM1885,2000
SER1886,PM1886,1200
SER1887,PM1887,2000
SER1888,PM1888,2000
SER1889,PM1889,2000
SER1890,PM1890,2000
SER1891,PM1891,2000
SER1892,PM1892,1200
SER1893,PM1893,1200
SER1894,PM1894,1200
SER1895,PM1895,2000
SER1896,PM1896,1200
SER1897,PM1897,2000
SER1898,PM1898,2000
SER1899,PM1899,1200
SER1900,PM1900,1200
SER1901,PM1901,600
SER1902,PM1902,2000
SER1903,PM1903,1200
SER1904,PM1904,1200
SER1905,PM1905,1200
SER1906,PM1906,1200
SER1907,PM1907,2000
SER1908,PM1908,2000
SER1909,PM1909,1200
SER1910,PM1910,600
SER1911,PM1911,600
SER1912,PM1912,600
SER1913,PM1913,600
SER1914,PM1914,2000
SER1915,PM1915,1200
SER1916,PM1916,1200
SER1917,PM1917,1200
SER1918,PM1918,1200
SER1919,PM1919,2000
SER1920,PM1920,1200
SER1921,PM1921,1200
SER1922,PM1922,600
SER1923,PM1923,2000
SER1924,PM1924,1200
SER1925,PM1925,1200
SER1926,PM1926,2000
SER1927,PM1927,1200
SER1928,PM1928,1200
SER1929,PM1929,2000
SER1930,PM1930,1200
SER1931,PM1931,2000
SER1932,PM1932,1200
SER1933,PM1933,1200
SER1934,PM1934,600
SER1935,PM1935,1200
SER1936,PM1936,1200
SER1937,PM1937,2000
SER1938,PM1938,2000
SER1939,PM1939,2000
SER1940,PM1940,1200
SER1941,PM1941,1200
SER1942,PM1942,2000
SER1943,PM1943,1200
SER1944,PM1944,1200
SER1945,PM1945,1200
SER1946,PM1946,1200
SER1947,PM1947,1200
SER1948,PM1948,2000
SER1949,PM1949,1200
SER1950,PM1950,1200
SER1951,PM1951,2000
SER1952,PM1952,2000
SER1953,PM1953,600
SER1954,PM1954,1200
SER1955,PM1955,2000
SER1956,PM1956,2000
SER1957,PM1957,1200
SER1958,PM1958,2000
SER1959,PM1959,1200
SER1960,PM1960,600
SER1961,PM1961,1200
SER1962,PM1962,2000
SER1963,PM1963,2000
SER1964,PM1964,2000
SER1965,PM1965,1200
SER1966,PM1966,1200
SER1967,PM1967,1200
SER1968,PM1968,2000
SER1969,PM1969,600
SER1970,PM1970,1200
SER1971,PM1971,1200
SER1972,PM1972,2000
SER1973,PM1973,2000
SER1974,PM1974,1200
SER1975,PM1975,2000
SER1976,PM1976,2000
SER1977,PM1977,2000
SER1978,PM1978,1200
SER1979,PM1979,600
SER1980,PM1980,2000
SER1981,PM1981,1200
SER1982,PM1982,1200
SER1983,PM1983,1200
SER1984,PM1984,1200
SER1985,PM1985,1200
SER1986,PM1986,1200
SER1987,PM1987,2000
SER1988,PM1988,1200
SER1989,PM1989,1200
SER1990,PM1990,2000
SER1991,PM1991,2000
SER1992,PM1992,2000
SER1993,PM1993,600
SER1994,PM1994,1200
SER1995,PM1995,1200
SER1996,PM1996,1200
SER1997,PM1997,2000
SER1998,PM1998,2000
SER1999,PM1999,1200
SER2000,PM2000,1200
SER2001,PM2001,1200
SER2002,PM2002,1200
SER2003,PM2003,2000
SER2004,PM2004,2000
SER2005,PM2005,1200
SER2006,PM2006,1200
SER2007,PM2007,1200
SER2008,PM2008,2000
SER2009,PM2009,2000
SER2010,PM2010,1200
SER2011,PM2011,2000
SER2012,PM2012,1200
SER2013,PM2013,2000
SER2014,PM2014,2000
SER2015,PM2015,1200
SER2016,PM2016,1200
SER2017,PM2017,1200
SER2018,PM2018,1200
SER2019,PM2019,2000
SER2020,PM2020,2000
SER2021,PM2021,600
SER2022,PM2022,1200
SER2023,PM2023,1200
SER2024,PM2024,1200
SER2025,PM2025,1200
SER2026,PM2026,1200
SER2027,PM2027,2000
SER2028,PM2028,2000
SER2029,PM2029,1200
SER2030,PM2030,1200
SER2031,PM2031,2000
SER2032,PM2032,1200
SER2033,PM2033,1200
SER2034,PM2034,1200
SER2035,PM2035,1200
SER2036,PM2036,600
SER2037,PM2037,1200
SER2038,PM2038,2000
SER2039,PM2039,1200
SER2040,PM2040,1200
SER2041,PM2041,600
SER2042,PM2042,2000
SER2043,PM2043,1200
SER2044,PM2044,1200
SER2045,PM2045,1200
SER2046,PM2046,2000
SER2047,PM2047,1200
SER2048,PM2048,2000
SER2049,PM2049,2000
SER2050,PM2050,2000
SER2051,PM2051,2000
SER2052,PM2052,2000
SER2053,PM2053,2000
SER2054,PM2054,1200
SER2055,PM2055,1200
SER2056,PM2056,2000
SER2057,PM2057,1200
SER2058,PM2058,1200
SER2059,PM2059,1200
SER2060,PM2060,2000
SER2061,PM2061,2000
SER2062,PM2062,2000
SER2063,PM2063,2000
SER2064,PM2064,600
SER2065,PM2065,1200
SER2066,PM2066,1200
SER2067,PM2067,1200
SER2068,PM2068,2000
SER2069,PM2069,2000
SER2070,PM2070,1200
SER2071,PM2071,600
SER2072,PM2072,1200
SER2073,PM2073,2000
SER2074,PM2074,2000
SER2075,PM2075,600
SER2076,PM2076,2000
SER2077,PM2077,2000
SER2078,PM2078,2000
SER2079,PM2079,1200
SER2080,PM2080,2000
SER2081,PM2081,2000
SER2082,PM2082,1200
SER2083,PM2083,1200
SER2084,PM2084,1200
SER2085,PM2085,600
SER2086,PM2086,2000
SER2087,PM2087,600
SER2088,PM2088,1200
SER2089,PM2089,1200
SER2090,PM2090,1200
SER2091,PM2091,2000
SER2092,PM2092,1200
SER2093,PM2093,1200
SER2094,PM2094,1200
SER2095,PM2095,1200
SER2096,PM2096,2000
SER2097,PM2097,600
SER2098,PM2098,1200
SER2099,PM2099,1200
SER2100,PM2100,1200
SER2101,PM2101,2000
SER2102,PM2102,2000
SER2103,PM2103,1200
SER2104,PM2104,2000
SER2105,PM2105,2000
SER2106,PM2106,1200
SER2107,PM2107,1200
SER2108,PM2108,600
SER2109,PM2109,1200
SER2110,PM2110,1200
SER2111,PM2111,1200
SER2112,PM2112,600
SER2113,PM2113,1200
SER2114,PM2114,1200
SER2115,PM2115,1200
SER2116,PM2116,2000
SER2117,PM2117,1200
SER2118,PM2118,1200
SER2119,PM2119,600
SER2120,PM2120,1200
SER2121,PM2121,2000
SER2122,PM2122,1200
SER2123,PM2123,1200
SER2124,PM2124,2000
SER2125,PM2125,2000
SER2126,PM2126,1200
SER2127,PM2127,1200
SER2128,PM2128,2000
SER2129,PM2129,1200
SER2130,PM2130,1200
SER2131,PM2131,1200
SER2132,PM2132,1200
SER2133,PM2133,1200
SER2134,PM2134,2000
SER2135,PM2135,1200
SER2136,PM2136,600
SER2137,PM2137,2000
SER2138,PM2138,2000
SER2139,PM2139,2000
SER2140,PM2140,2000
SER2141,PM2141,600
SER2142,PM2142,2000
SER2143,PM2143,600
SER2144,PM2144,600
SER2145,PM2145,2000
SER2146,PM2146,2000
SER2147,PM2147,2000
SER2148,PM2148,1200
SER2149,PM2149,1200
SER2150,PM2150,1200
SER2151,PM2151,1200
SER2152,PM2152,2000
SER2153,PM2153,1200
SER2154,PM2154,2000
SER2155,PM2155,1200
SER2156,PM2156,1200
SER2157,PM2157,2000
SER2158,PM2158,2000
SER2159,PM2159,2000
SER2160,PM2160,1200
SER2161,PM2161,2000
SER2162,PM2162,2000
SER2163,PM2163,2000
SER2164,PM2164,600
SER2165,PM2165,2000
SER2166,PM2166,2000
SER2167,PM2167,2000
SER2168,PM2168,2000
SER2169,PM2169,2000
SER2170,PM2170,1200
SER2171,PM2171,2000
SER2172,PM2172,600
SER2173,PM2173,2000
SER2174,PM2174,1200
SER2175,PM2175,600
SER2176,PM2176,1200
SER2177,PM2177,2000
SER2178,PM2178,1200
SER2179,PM2179,2000
SER2180,PM2180,1200
SER2181,PM2181,1200
SER2182,PM2182,2000
SER2183,PM2183,1200
SER2184,PM2184,2000
SER2185,PM2185,2000
SER2186,PM2186,2000
SER2187,PM2187,1200
SER2188,PM2188,2000
SER2189,PM2189,1200
SER2190,PM2190,1200
SER2191,PM2191,1200
SER2192,PM2192,2000
SER2193,PM2193,2000
SER2194,PM2194,1200
SER2195,PM2195,1200
SER2196,PM2196,1200
SER2197,PM2197,1200
SER2198,PM2198,600
SER2199,PM2199,2000
SER2200,PM2200,2000
SER2201,PM2201,1200
SER2202,PM2202,600
SER2203,PM2203,1200
SER2204,PM2204,1200
SER2205,PM2205,2000
SER2206,PM2206,600
SER2207,PM2207,1200
SER2208,PM2208,2000
SER2209,PM2209,1200
SER2210,PM2210,600
SER2211,PM2211,1200
SER2212,PM2212,2000
SER2213,PM2213,1200
SER2214,PM2214,600
SER2215,PM2215,2000
SER2216,PM2216,600
SER2217,PM2217,600
SER2218,PM2218,1200
SER2219,PM2219,2000
SER2220,PM2220,1200
SER2221,PM2221,1200
SER2222,PM2222,600
SER2223,PM2223,2000
SER2224,PM2224,2000
SER2225,PM2225,1200
SER2226,PM2226,2000
SER2227,PM2227,600
SER2228,PM2228,1200
SER2229,PM2229,2000
SER2230,PM2230,2000
SER2231,PM2231,1200
SER2232,PM2232,1200
SER2233,PM2233,1200
SER2234,PM2234,1200
SER2235,PM2235,2000
SER2236,PM2236,1200
SER2237,PM2237,2000
SER2238,PM2238,600
SER2239,PM2239,600
SER2240,PM2240,2000
SER2241,PM2241,1200
SER2242,PM2242,2000
SER2243,PM2243,1200
SER2244,PM2244,1200
SER2245,PM2245,2000
SER2246,PM2246,2000
SER2247,PM2247,2000
SER2248,PM2248,1200
SER2249,PM2249,1200
SER2250,PM2250,1200
SER2251,PM2251,1200
SER2252,PM2252,1200
SER2253,PM2253,1200
SER2254,PM2254,1200
SER2255,PM2255,1200
SER2256,PM2256,600
SER2257,PM2257,1200
SER2258,PM2258,600
SER2259,PM2259,600
SER2260,PM2260,2000
SER2261,PM2261,1200
SER2262,PM2262,2000
SER2263,PM2263,1200
SER2264,PM2264,1200
SER2265,PM2265,1200
SER2266,PM2266,2000
SER2267,PM2267,2000
SER2268,PM2268,600
SER2269,PM2269,2000
SER2270,PM2270,1200
SER2271,PM2271,600
SER2272,PM2272,2000
SER2273,PM2273,1200
SER2274,PM2274,1200
SER2275,PM2275,1200
SER2276,PM2276,1200
SER2277,PM2277,1200
SER2278,PM2278,2000
SER2279,PM2279,1200
SER2280,PM2280,2000
SER2281,PM2281,2000
SER2282,PM2282,1200
SER2283,PM2283,1200
SER2284,PM2284,2000
SER2285,PM2285,1200
SER2286,PM2286,2000
SER2287,PM2287,1200
SER2288,PM2288,1200
SER2289,PM2289,1200
SER2290,PM2290,1200
SER2291,PM2291,2000
SER2292,PM2292,1200
SER2293,PM2293,1200
SER2294,PM2294,2000
SER2295,PM2295,1200
SER2296,PM2296,1200
SER2297,PM2297,1200
SER2298,PM2298,2000
SER2299,PM2299,1200
SER2300,PM2300,2000
SER2301,PM2301,600
SER2302,PM2302,1200
SER2303,PM2303,1200
SER2304,PM2304,2000
SER2305,PM2305,1200
SER2306,PM2306,600
SER2307,PM2307,1200
SER2308,PM2308,600
SER2309,PM2309,2000
SER2310,PM2310,2000
SER2311,PM2311,1200
SER2312,PM2312,2000
SER2313,PM2313,2000
SER2314,PM2314,1200
SER2315,PM2315,2000
SER2316,PM2316,1200
SER2317,PM2317,2000
SER2318,PM2318,1200
SER2319,PM2319,1200
SER2320,PM2320,2000
SER2321,PM2321,1200
SER2322,PM2322,600
SER2323,PM2323,1200
SER2324,PM2324,1200
SER2325,PM2325,2000
SER2326,PM2326,1200
SER2327,PM2327,2000
SER2328,PM2328,2000
SER2329,PM2329,1200
SER2330,PM2330,2000
SER2331,PM2331,2000
SER2332,PM2332,2000
SER2333,PM2333,2000
SER2334,PM2334,2000
SER2335,PM2335,600
SER2336,PM2336,2000
SER2337,PM2337,1200
SER2338,PM2338,2000
SER2339,PM2339,1200
SER2340,PM2340,600
SER2341,PM2341,1200
SER2342,PM2342,2000
SER2343,PM2343,1200
SER2344,PM2344,2000
SER2345,PM2345,1200
SER2346,PM2346,2000
SER2347,PM2347,2000
SER2348,PM2348,1200
SER2349,PM2349,1200
SER2350,PM2350,1200
SER2351,PM2351,1200
SER2352,PM2352,1200
SER2353,PM2353,1200
SER2354,PM2354,1200
SER2355,PM2355,2000
SER2356,PM2356,2000
SER2357,PM2357,2000
SER2358,PM2358,1200
SER2359,PM2359,1200
SER2360,PM2360,600
SER2361,PM2361,1200
SER2362,PM2362,600
SER2363,PM2363,1200
SER2364,PM2364,2000
SER2365,PM2365,1200
SER2366,PM2366,2000
SER2367,PM2367,1200
SER2368,PM2368,2000
SER2369,PM2369,2000
SER2370,PM2370,2000
SER2371,PM2371,600
SER2372,PM2372,1200
SER2373,PM2373,2000
SER2374,PM2374,1200
SER2375,PM2375,1200
SER2376,PM2376,2000
SER2377,PM2377,2000
SER2378,PM2378,1200
SER2379,PM2379,2000
SER2380,PM2380,1200
SER2381,PM2381,600
SER2382,PM2382,2000
SER2383,PM2383,1200
SER2384,PM2384,1200
SER2385,PM2385,1200
SER2386,PM2386,2000
SER2387,PM2387,600
SER2388,PM2388,1200
SER2389,PM2389,1200
SER2390,PM2390,2000
SER2391,PM2391,1200
SER2392,PM2392,1200
SER2393,PM2393,1200
SER2394,PM2394,1200
SER2395,PM2395,1200
SER2396,PM2396,2000
SER2397,PM2397,2000
SER2398,PM2398,600
SER2399,PM2399,600
SER2400,PM2400,600
SER2401,PM2401,2000
SER2402,PM2402,2000
SER2403,PM2403,1200
SER2404,PM2404,2000
SER2405,PM2405,1200
SER2406,PM2406,2000
SER2407,PM2407,2000
SER2408,PM2408,1200
SER2409,PM2409,2000
SER2410,PM2410,1200
SER2411,PM2411,2000
SER2412,PM2412,600
SER2413,PM2413,1200
SER2414,PM2414,2000
SER2415,PM2415,2000
SER2416,PM2416,600
SER2417,PM2417,1200
SER2418,PM2418,1200
SER2419,PM2419,1200
SER2420,PM2420,2000
SER2421,PM2421,600
SER2422,PM2422,1200
SER2423,PM2423,1200
SER2424,PM2424,1200
SER2425,PM2425,2000
SER2426,PM2426,1200
SER2427,PM2427,1200
SER2428,PM2428,1200
SER2429,PM2429,1200
SER2430,PM2430,2000
SER2431,PM2431,1200
SER2432,PM2432,2000
SER2433,PM2433,1200
SER2434,PM2434,1200
SER2435,PM2435,1200
SER2436,PM2436,1200
SER2437,PM2437,1200
SER2438,PM2438,1200
SER2439,PM2439,2000
SER2440,PM2440,600
SER2441,PM2441,2000
SER2442,PM2442,2000
SER2443,PM2443,1200
SER2444,PM2444,2000
SER2445,PM2445,2000
SER2446,PM2446,2000
SER2447,PM2447,2000
SER2448,PM2448,2000
SER2449,PM2449,2000
SER2450,PM2450,2000
SER2451,PM2451,600
SER2452,PM2452,600
SER2453,PM2453,2000
SER2454,PM2454,1200
SER2455,PM2455,1200
SER2456,PM2456,2000
SER2457,PM2457,1200
SER2458,PM2458,1200
SER2459,PM2459,1200
SER2460,PM2460,2000
SER2461,PM2461,600
SER2462,PM2462,1200
SER2463,PM2463,2000
SER2464,PM2464,1200
SER2465,PM2465,1200
SER2466,PM2466,1200
SER2467,PM2467,2000
SER2468,PM2468,1200
SER2469,PM2469,2000
SER2470,PM2470,2000
SER2471,PM2471,1200
SER2472,PM2472,1200
SER2473,PM2473,1200
SER2474,PM2474,1200
SER2475,PM2475,1200
SER2476,PM2476,1200
SER2477,PM2477,2000
SER2478,PM2478,2000
SER2479,PM2479,1200
SER2480,PM2480,1200
SER2481,PM2481,2000
SER2482,PM2482,2000
SER2483,PM2483,1200
SER2484,PM2484,2000
SER2485,PM2485,1200
SER2486,PM2486,1200
SER2487,PM2487,2000
SER2488,PM2488,1200
SER2489,PM2489,1200
SER2490,PM2490,1200
SER2491,PM2491,1200
SER2492,PM2492,600
SER2493,PM2493,600
SER2494,PM2494,1200
SER2495,PM2495,1200
SER2496,PM2496,1200
SER2497,PM2497,1200
SER2498,PM2498,1200
SER2499,PM2499,1200
SER2500,PM2500,1200
SER2501,PM2501,2000
SER2502,PM2502,1200
SER2503,PM2503,1200
SER2504,PM2504,1200
SER2505,PM2505,2000
SER2506,PM2506,1200
SER2507,PM2507,2000
SER2508,PM2508,600
SER2509,PM2509,600
SER2510,PM2510,1200
SER2511,PM2511,600
SER2512,PM2512,2000
SER2513,PM2513,2000
SER2514,PM2514,2000
SER2515,PM2515,1200
SER2516,PM2516,2000
SER2517,PM2517,1200
SER2518,PM2518,2000
SER2519,PM2519,2000
SER2520,PM2520,1200
SER2521,PM2521,2000
SER2522,PM2522,1200
SER2523,PM2523,1200
SER2524,PM2524,2000
SER2525,PM2525,2000
SER2526,PM2526,2000
SER2527,PM2527,1200
SER2528,PM2528,1200
SER2529,PM2529,1200
SER2530,PM2530,600
SER2531,PM2531,1200
SER2532,PM2532,2000
SER2533,PM2533,1200
SER2534,PM2534,1200
SER2535,PM2535,1200
SER2536,PM2536,2000
SER2537,PM2537,600
SER2538,PM2538,600
SER2539,PM2539,600
SER2540,PM2540,2000
SER2541,PM2541,1200
SER2542,PM2542,1200
SER2543,PM2543,2000
SER2544,PM2544,2000
SER2545,PM2545,2000
SER2546,PM2546,2000
SER2547,PM2547,2000
SER2548,PM2548,1200
SER2549,PM2549,600
SER2550,PM2550,600
SER2551,PM2551,1200
SER2552,PM2552,600
SER2553,PM2553,600
SER2554,PM2554,2000
SER2555,PM2555,2000
SER2556,PM2556,1200
SER2557,PM2557,1200
SER2558,PM2558,2000
SER2559,PM2559,1200
SER2560,PM2560,1200
SER2561,PM2561,1200
SER2562,PM2562,1200
SER2563,PM2563,1200
SER2564,PM2564,1200
SER2565,PM2565,2000
SER2566,PM2566,1200
SER2567,PM2567,1200
SER2568,PM2568,1200
SER2569,PM2569,600
SER2570,PM2570,2000
SER2571,PM2571,1200
SER2572,PM2572,1200
SER2573,PM2573,2000
SER2574,PM2574,1200
SER2575,PM2575,2000
SER2576,PM2576,1200
SER2577,PM2577,2000
SER2578,PM2578,2000
SER2579,PM2579,2000
SER2580,PM2580,1200
SER2581,PM2581,1200
SER2582,PM2582,1200
SER2583,PM2583,1200
SER2584,PM2584,1200
SER2585,PM2585,2000
SER2586,PM2586,2000
SER2587,PM2587,1200
SER2588,PM2588,1200
SER2589,PM2589,2000
SER2590,PM2590,2000
SER2591,PM2591,2000
SER2592,PM2592,1200
SER2593,PM2593,2000
SER2594,PM2594,1200
SER2595,PM2595,600
SER2596,PM2596,2000
SER2597,PM2597,600
SER2598,PM2598,2000
SER2599,PM2599,2000
SER2600,PM2600,2000
SER2601,PM2601,1200
SER2602,PM2602,1200
SER2603,PM2603,2000
SER2604,PM2604,1200
SER2605,PM2605,2000
SER2606,PM2606,1200
SER2607,PM2607,2000
SER2608,PM2608,1200
SER2609,PM2609,1200
SER2610,PM2610,1200
SER2611,PM2611,1200
SER2612,PM2612,2000
SER2613,PM2613,1200
SER2614,PM2614,2000
SER2615,PM2615,600
SER2616,PM2616,2000
SER2617,PM2617,2000
SER2618,PM2618,2000
SER2619,PM2619,2000
SER2620,PM2620,1200
SER2621,PM2621,2000
SER2622,PM2622,2000
SER2623,PM2623,600
SER2624,PM2624,1200
SER2625,PM2625,1200
SER2626,PM2626,1200
SER2627,PM2627,1200
SER2628,PM2628,2000
SER2629,PM2629,2000
SER2630,PM2630,1200
SER2631,PM2631,1200
SER2632,PM2632,600
SER2633,PM2633,1200
SER2634,PM2634,600
SER2635,PM2635,2000
SER2636,PM2636,1200
SER2637,PM2637,2000
SER2638,PM2638,2000
SER2639,PM2639,2000
SER2640,PM2640,2000
SER2641,PM2641,600
SER2642,PM2642,1200
SER2643,PM2643,1200
SER2644,PM2644,1200
SER2645,PM2645,600
SER2646,PM2646,600
SER2647,PM2647,1200
SER2648,PM2648,1200
SER2649,PM2649,2000
SER2650,PM2650,2000
SER2651,PM2651,1200
SER2652,PM2652,2000
SER2653,PM2653,2000
SER2654,PM2654,2000
SER2655,PM2655,2000
SER2656,PM2656,1200
SER2657,PM2657,1200
SER2658,PM2658,2000
SER2659,PM2659,1200
SER2660,PM2660,2000
SER2661,PM2661,1200
SER2662,PM2662,1200
SER2663,PM2663,1200
SER2664,PM2664,1200
SER2665,PM2665,2000
SER2666,PM2666,2000
SER2667,PM2667,1200
SER2668,PM2668,1200
SER2669,PM2669,2000
SER2670,PM2670,2000
SER2671,PM2671,1200
SER2672,PM2672,2000
SER2673,PM2673,2000
SER2674,PM2674,2000
SER2675,PM2675,1200
SER2676,PM2676,1200
SER2677,PM2677,600
SER2678,PM2678,1200
SER2679,PM2679,1200
SER2680,PM2680,1200
SER2681,PM2681,1200
SER2682,PM2682,2000
SER2683,PM2683,2000
SER2684,PM2684,2000
SER2685,PM2685,1200
SER2686,PM2686,1200
SER2687,PM2687,2000
SER2688,PM2688,1200
SER2689,PM2689,2000
SER2690,PM2690,2000
SER2691,PM2691,1200
SER2692,PM2692,1200
SER2693,PM2693,2000
SER2694,PM2694,1200
SER2695,PM2695,1200
SER2696,PM2696,2000
SER2697,PM2697,2000
SER2698,PM2698,1200
SER2699,PM2699,1200
SER2700,PM2700,1200
SER2701,PM2701,600
SER2702,PM2702,1200
SER2703,PM2703,2000
SER2704,PM2704,1200
SER2705,PM2705,2000
SER2706,PM2706,2000
SER2707,PM2707,1200
SER2708,PM2708,1200
SER2709,PM2709,1200
SER2710,PM2710,2000
SER2711,PM2711,2000
SER2712,PM2712,1200
SER2713,PM2713,1200
SER2714,PM2714,600
SER2715,PM2715,600
SER2716,PM2716,2000
SER2717,PM2717,2000
SER2718,PM2718,1200
SER2719,PM2719,2000
SER2720,PM2720,2000
SER2721,PM2721,2000
SER2722,PM2722,1200
SER2723,PM2723,2000
SER2724,PM2724,600
SER2725,PM2725,1200
SER2726,PM2726,1200
SER2727,PM2727,2000
SER2728,PM2728,1200
SER2729,PM2729,1200
SER2730,PM2730,2000
SER2731,PM2731,1200
SER2732,PM2732,1200
SER2733,PM2733,600
SER2734,PM2734,1200
SER2735,PM2735,600
SER2736,PM2736,2000
SER2737,PM2737,600
SER2738,PM2738,1200
SER2739,PM2739,2000
SER2740,PM2740,1200
SER2741,PM2741,1200
SER2742,PM2742,2000
SER2743,PM2743,1200
SER2744,PM2744,2000
SER2745,PM2745,600
SER2746,PM2746,2000
SER2747,PM2747,2000
SER2748,PM2748,1200
SER2749,PM2749,1200
SER2750,PM2750,1200
SER2751,PM2751,2000
SER2752,PM2752,1200
SER2753,PM2753,2000
SER2754,PM2754,2000
SER2755,PM2755,1200
SER2756,PM2756,1200
SER2757,PM2757,600
SER2758,PM2758,2000
SER2759,PM2759,1200
SER2760,PM2760,600
SER2761,PM2761,1200
SER2762,PM2762,1200
SER2763,PM2763,1200
SER2764,PM2764,2000
SER2765,PM2765,1200
SER2766,PM2766,2000
SER2767,PM2767,1200
SER2768,PM2768,1200
SER2769,PM2769,1200
SER2770,PM2770,1200
SER2771,PM2771,2000
SER2772,PM2772,1200
SER2773,PM2773,1200
SER2774,PM2774,2000
SER2775,PM2775,2000
SER2776,PM2776,1200
SER2777,PM2777,1200
SER2778,PM2778,2000
SER2779,PM2779,1200
SER2780,PM2780,2000
SER2781,PM2781,1200
SER2782,PM2782,1200
SER2783,PM2783,2000
SER2784,PM2784,600
SER2785,PM2785,2000
SER2786,PM2786,2000
SER2787,PM2787,1200
SER2788,PM2788,2000
SER2789,PM2789,2000
SER2790,PM2790,1200
SER2791,PM2791,2000
SER2792,PM2792,1200
SER2793,PM2793,2000
SER2794,PM2794,1200
SER2795,PM2795,1200
SER2796,PM2796,2000
SER2797,PM2797,2000
SER2798,PM2798,1200
SER2799,PM2799,2000
SER2800,PM2800,600
SER2801,PM2801,1200
SER2802,PM2802,1200
SER2803,PM2803,1200
SER2804,PM2804,2000
SER2805,PM2805,1200
SER2806,PM2806,1200
SER2807,PM2807,1200
SER2808,PM2808,1200
SER2809,PM2809,2000
SER2810,PM2810,1200
SER2811,PM2811,600
SER2812,PM2812,1200
SER2813,PM2813,1200
SER2814,PM2814,1200
SER2815,PM2815,1200
SER2816,PM2816,1200
SER2817,PM2817,1200
SER2818,PM2818,1200
SER2819,PM2819,1200
SER2820,PM2820,2000
SER2821,PM2821,1200
SER2822,PM2822,1200
SER2823,PM2823,1200
SER2824,PM2824,2000
SER2825,PM2825,600
SER2826,PM2826,1200
SER2827,PM2827,600
SER2828,PM2828,1200
SER2829,PM2829,2000
SER2830,PM2830,1200
SER2831,PM2831,2000
SER2832,PM2832,2000
SER2833,PM2833,1200
SER2834,PM2834,2000
SER2835,PM2835,1200
SER2836,PM2836,1200
SER2837,PM2837,600
SER2838,PM2838,2000
SER2839,PM2839,2000
SER2840,PM2840,2000
SER2841,PM2841,2000
SER2842,PM2842,2000
SER2843,PM2843,1200
SER2844,PM2844,2000
SER2845,PM2845,2000
SER2846,PM2846,2000
SER2847,PM2847,1200
SER2848,PM2848,1200
SER2849,PM2849,2000
SER2850,PM2850,600
SER2851,PM2851,2000
SER2852,PM2852,1200
SER2853,PM2853,2000
SER2854,PM2854,1200
SER2855,PM2855,2000
SER2856,PM2856,1200
SER2857,PM2857,1200
SER2858,PM2858,1200
SER2859,PM2859,1200
SER2860,PM2860,1200
SER2861,PM2861,2000
SER2862,PM2862,2000
SER2863,PM2863,1200
SER2864,PM2864,600
SER2865,PM2865,2000
SER2866,PM2866,2000
SER2867,PM2867,2000
SER2868,PM2868,2000
SER2869,PM2869,1200
SER2870,PM2870,2000
SER2871,PM2871,600
SER2872,PM2872,2000
SER2873,PM2873,2000
SER2874,PM2874,1200
SER2875,PM2875,2000
SER2876,PM2876,2000
SER2877,PM2877,1200
SER2878,PM2878,2000
SER2879,PM2879,2000
SER2880,PM2880,2000
SER2881,PM2881,600
SER2882,PM2882,2000
SER2883,PM2883,2000
SER2884,PM2884,600
SER2885,PM2885,2000
SER2886,PM2886,1200
SER2887,PM2887,2000
SER2888,PM2888,1200
SER2889,PM2889,1200
SER2890,PM2890,1200
SER2891,PM2891,2000
SER2892,PM2892,2000
SER2893,PM2893,2000
SER2894,PM2894,2000
SER2895,PM2895,1200
SER2896,PM2896,2000
SER2897,PM2897,2000
SER2898,PM2898,1200
SER2899,PM2899,1200
SER2900,PM2900,1200
SER2901,PM2901,600
SER2902,PM2902,1200
SER2903,PM2903,1200
SER2904,PM2904,1200
SER2905,PM2905,1200
SER2906,PM2906,2000
SER2907,PM2907,2000
SER2908,PM2908,600
SER2909,PM2909,2000
SER2910,PM2910,2000
SER2911,PM2911,2000
SER2912,PM2912,2000
SER2913,PM2913,1200
SER2914,PM2914,1200
SER2915,PM2915,2000
SER2916,PM2916,600
SER2917,PM2917,1200
SER2918,PM2918,2000
SER2919,PM2919,1200
SER2920,PM2920,2000
SER2921,PM2921,1200
SER2922,PM2922,1200
SER2923,PM2923,1200
SER2924,PM2924,1200
SER2925,PM2925,2000
SER2926,PM2926,1200
SER2927,PM2927,1200
SER2928,PM2928,2000
SER2929,PM2929,2000
SER2930,PM2930,1200
SER2931,PM2931,2000
SER2932,PM2932,1200
SER2933,PM2933,2000
SER2934,PM2934,1200
SER2935,PM2935,2000
SER2936,PM2936,1200
SER2937,PM2937,1200
SER2938,PM2938,1200
SER2939,PM2939,1200
SER2940,PM2940,1200
SER2941,PM2941,1200
SER2942,PM2942,1200
SER2943,PM2943,1200
SER2944,PM2944,1200
SER2945,PM2945,2000
SER2946,PM2946,1200
SER2947,PM2947,2000
SER2948,PM2948,2000
SER2949,PM2949,2000
SER2950,PM2950,1200
SER2951,PM2951,1200
SER2952,PM2952,2000
SER2953,PM2953,1200
SER2954,PM2954,1200
SER2955,PM2955,1200
SER2956,PM2956,2000
SER2957,PM2957,600
SER2958,PM2958,1200
SER2959,PM2959,2000
SER2960,PM2960,1200
SER2961,PM2961,1200
SER2962,PM2962,2000
SER2963,PM2963,1200
SER2964,PM2964,2000
SER2965,PM2965,1200
SER2966,PM2966,1200
SER2967,PM2967,600
SER2968,PM2968,1200
SER2969,PM2969,1200
SER2970,PM2970,1200
SER2971,PM2971,2000
SER2972,PM2972,2000
SER2973,PM2973,1200
SER2974,PM2974,2000
SER2975,PM2975,600
SER2976,PM2976,1200
SER2977,PM2977,2000
SER2978,PM2978,1200
SER2979,PM2979,1200
SER2980,PM2980,1200
SER2981,PM2981,600
SER2982,PM2982,2000
SER2983,PM2983,1200
SER2984,PM2984,1200
SER2985,PM2985,1200
SER2986,PM2986,2000
SER2987,PM2987,1200
SER2988,PM2988,2000
SER2989,PM2989,2000
SER2990,PM2990,2000
SER2991,PM2991,2000
SER2992,PM2992,2000
SER2993,PM2993,1200
SER2994,PM2994,2000
SER2995,PM2995,2000
SER2996,PM2996,2000
SER2997,PM2997,2000
SER2998,PM2998,2000
SER2999,PM2999,600
SER3000,PM3000,1200
SER3001,PM3001,1200
SER3002,PM3002,600
SER3003,PM3003,1200
SER3004,PM3004,1200
SER3005,PM3005,2000
SER3006,PM3006,2000
SER3007,PM3007,1200
SER3008,PM3008,1200
SER3009,PM3009,2000
SER3010,PM3010,1200
SER3011,PM3011,2000
SER3012,PM3012,1200
SER3013,PM3013,2000
SER3014,PM3014,2000
SER3015,PM3015,600
SER3016,PM3016,600
SER3017,PM3017,2000
SER3018,PM3018,2000
SER3019,PM3019,1200
SER3020,PM3020,1200
SER3021,PM3021,600
SER3022,PM3022,1200
SER3023,PM3023,2000
SER3024,PM3024,2000
SER3025,PM3025,1200
SER3026,PM3026,600
SER3027,PM3027,1200
SER3028,PM3028,1200
SER3029,PM3029,1200
SER3030,PM3030,2000
SER3031,PM3031,1200
SER3032,PM3032,1200
SER3033,PM3033,1200
SER3034,PM3034,2000
SER3035,PM3035,1200
SER3036,PM3036,1200
SER3037,PM3037,1200
SER3038,PM3038,2000
SER3039,PM3039,2000
SER3040,PM3040,1200
SER3041,PM3041,2000
SER3042,PM3042,1200
SER3043,PM3043,2000
SER3044,PM3044,2000
SER3045,PM3045,1200
SER3046,PM3046,1200
SER3047,PM3047,1200
SER3048,PM3048,1200
SER3049,PM3049,2000
SER3050,PM3050,2000
SER3051,PM3051,1200
SER3052,PM3052,2000
SER3053,PM3053,1200
SER3054,PM3054,2000
SER3055,PM3055,2000
SER3056,PM3056,1200
SER3057,PM3057,1200
SER3058,PM3058,1200
SER3059,PM3059,2000
SER3060,PM3060,2000
SER3061,PM3061,2000
SER3062,PM3062,1200
SER3063,PM3063,1200
SER3064,PM3064,2000
SER3065,PM3065,2000
SER3066,PM3066,1200
SER3067,PM3067,1200
SER3068,PM3068,1200
SER3069,PM3069,2000
SER3070,PM3070,2000
SER3071,PM3071,1200
SER3072,PM3072,1200
SER3073,PM3073,1200
SER3074,PM3074,2000
SER3075,PM3075,2000
SER3076,PM3076,1200
SER3077,PM3077,2000
SER3078,PM3078,1200
SER3079,PM3079,1200
SER3080,PM3080,1200
SER3081,PM3081,600
SER3082,PM3082,600
SER3083,PM3083,2000
SER3084,PM3084,2000
SER3085,PM3085,2000
SER3086,PM3086,1200
SER3087,PM3087,600
SER3088,PM3088,1200
SER3089,PM3089,600
SER3090,PM3090,2000
SER3091,PM3091,2000
SER3092,PM3092,1200
SER3093,PM3093,1200
SER3094,PM3094,2000
SER3095,PM3095,1200
SER3096,PM3096,2000
SER3097,PM3097,1200
SER3098,PM3098,2000
SER3099,PM3099,2000
SER3100,PM3100,1200
SER3101,PM3101,1200
SER3102,PM3102,1200
SER3103,PM3103,2000
SER3104,PM3104,600
SER3105,PM3105,600
SER3106,PM3106,2000
SER3107,PM3107,1200
SER3108,PM3108,600
SER3109,PM3109,2000
SER3110,PM3110,2000
SER3111,PM3111,1200
SER3112,PM3112,1200
SER3113,PM3113,1200
SER3114,PM3114,2000
SER3115,PM3115,2000
SER3116,PM3116,2000
SER3117,PM3117,1200
SER3118,PM3118,1200
SER3119,PM3119,2000
SER3120,PM3120,1200
SER3121,PM3121,1200
SER3122,PM3122,1200
SER3123,PM3123,1200
SER3124,PM3124,2000
SER3125,PM3125,1200
SER3126,PM3126,1200
SER3127,PM3127,1200
SER3128,PM3128,2000
SER3129,PM3129,2000
SER3130,PM3130,2000
SER3131,PM3131,1200
SER3132,PM3132,2000
SER3133,PM3133,2000
SER3134,PM3134,2000
SER3135,PM3135,2000
SER3136,PM3136,2000
SER3137,PM3137,2000
SER3138,PM3138,1200
SER3139,PM3139,2000
SER3140,PM3140,2000
SER3141,PM3141,2000
SER3142,PM3142,1200
SER3143,PM3143,600
SER3144,PM3144,1200
SER3145,PM3145,1200
SER3146,PM3146,600
SER3147,PM3147,2000
SER3148,PM3148,1200
SER3149,PM3149,2000
SER3150,PM3150,600
SER3151,PM3151,2000
SER3152,PM3152,2000
SER3153,PM3153,2000
SER3154,PM3154,1200
SER3155,PM3155,2000
SER3156,PM3156,600
SER3157,PM3157,1200
SER3158,PM3158,600
SER3159,PM3159,1200
SER3160,PM3160,2000
SER3161,PM3161,1200
SER3162,PM3162,1200
SER3163,PM3163,2000
SER3164,PM3164,1200
SER3165,PM3165,2000
SER3166,PM3166,1200
SER3167,PM3167,1200
SER3168,PM3168,1200
SER3169,PM3169,2000
SER3170,PM3170,2000
SER3171,PM3171,1200
SER3172,PM3172,2000
SER3173,PM3173,2000
SER3174,PM3174,1200
SER3175,PM3175,1200
SER3176,PM3176,2000
SER3177,PM3177,2000
SER3178,PM3178,2000
SER3179,PM3179,2000
SER3180,PM3180,2000
SER3181,PM3181,2000
SER3182,PM3182,1200
SER3183,PM3183,1200
SER3184,PM3184,1200
SER3185,PM3185,1200
SER3186,PM3186,2000
SER3187,PM3187,1200
SER3188,PM3188,1200
SER3189,PM3189,2000
SER3190,PM3190,2000
SER3191,PM3191,1200
SER3192,PM3192,2000
SER3193,PM3193,2000
SER3194,PM3194,1200
SER3195,PM3195,1200
SER3196,PM3196,2000
SER3197,PM3197,2000
SER3198,PM3198,2000
SER3199,PM3199,600
SER3200,PM3200,1200
SER3201,PM3201,1200
SER3202,PM3202,2000
SER3203,PM3203,2000
SER3204,PM3204,1200
SER3205,PM3205,1200
SER3206,PM3206,2000
SER3207,PM3207,1200
SER3208,PM3208,1200
SER3209,PM3209,1200
SER3210,PM3210,2000
SER3211,PM3211,1200
SER3212,PM3212,2000
SER3213,PM3213,2000
SER3214,PM3214,2000
SER3215,PM3215,1200
SER3216,PM3216,600
SER3217,PM3217,2000
SER3218,PM3218,1200
SER3219,PM3219,1200
SER3220,PM3220,1200
SER3221,PM3221,1200
SER3222,PM3222,1200
SER3223,PM3223,600
SER3224,PM3224,2000
SER3225,PM3225,2000
SER3226,PM3226,2000
SER3227,PM3227,1200
SER3228,PM3228,1200
SER3229,PM3229,2000
SER3230,PM3230,1200
SER3231,PM3231,600
SER3232,PM3232,600
SER3233,PM3233,1200
SER3234,PM3234,2000
SER3235,PM3235,1200
SER3236,PM3236,1200
SER3237,PM3237,1200
SER3238,PM3238,1200
SER3239,PM3239,1200
SER3240,PM3240,1200
SER3241,PM3241,1200
SER3242,PM3242,1200
SER3243,PM3243,2000
SER3244,PM3244,1200
SER3245,PM3245,2000
SER3246,PM3246,2000
SER3247,PM3247,1200
SER3248,PM3248,1200
SER3249,PM3249,2000
SER3250,PM3250,1200
SER3251,PM3251,600
SER3252,PM3252,1200
SER3253,PM3253,2000
SER3254,PM3254,2000
SER3255,PM3255,2000
SER3256,PM3256,2000
SER3257,PM3257,1200
SER3258,PM3258,2000
SER3259,PM3259,2000
SER3260,PM3260,2000
SER3261,PM3261,600
SER3262,PM3262,1200
SER3263,PM3263,2000
SER3264,PM3264,600
SER3265,PM3265,1200
SER3266,PM3266,600
SER3267,PM3267,1200
SER3268,PM3268,2000
SER3269,PM3269,1200
SER3270,PM3270,2000
SER3271,PM3271,2000
SER3272,PM3272,1200
SER3273,PM3273,2000
SER3274,PM3274,1200
SER3275,PM3275,1200
SER3276,PM3276,600
SER3277,PM3277,1200
SER3278,PM3278,600
SER3279,PM3279,1200
SER3280,PM3280,600
SER3281,PM3281,1200
SER3282,PM3282,1200
SER3283,PM3283,1200
SER3284,PM3284,1200
SER3285,PM3285,1200
SER3286,PM3286,1200
SER3287,PM3287,2000
SER3288,PM3288,1200
SER3289,PM3289,2000
SER3290,PM3290,2000
SER3291,PM3291,600
SER3292,PM3292,2000
SER3293,PM3293,2000
SER3294,PM3294,2000
SER3295,PM3295,2000
SER3296,PM3296,600
SER3297,PM3297,2000
SER3298,PM3298,600
SER3299,PM3299,1200
SER3300,PM3300,1200
SER3301,PM3301,600
SER3302,PM3302,1200
SER3303,PM3303,1200
SER3304,PM3304,600
SER3305,PM3305,1200
SER3306,PM3306,1200
SER3307,PM3307,600
SER3308,PM3308,2000
SER3309,PM3309,2000
SER3310,PM3310,1200
SER3311,PM3311,600
SER3312,PM3312,1200
SER3313,PM3313,2000
SER3314,PM3314,1200
SER3315,PM3315,1200
SER3316,PM3316,1200
SER3317,PM3317,2000
SER3318,PM3318,2000
SER3319,PM3319,1200
SER3320,PM3320,1200
SER3321,PM3321,1200
SER3322,PM3322,1200
SER3323,PM3323,1200
SER3324,PM3324,2000
SER3325,PM3325,2000
SER3326,PM3326,1200
SER3327,PM3327,2000
SER3328,PM3328,1200
SER3329,PM3329,2000
SER3330,PM3330,2000
SER3331,PM3331,1200
SER3332,PM3332,2000
SER3333,PM3333,600
SER3334,PM3334,1200
SER3335,PM3335,600
SER3336,PM3336,2000
SER3337,PM3337,2000
SER3338,PM3338,1200
SER3339,PM3339,600
SER3340,PM3340,2000
SER3341,PM3341,1200
SER3342,PM3342,600
SER3343,PM3343,1200
SER3344,PM3344,1200
SER3345,PM3345,2000
SER3346,PM3346,2000
SER3347,PM3347,600
SER3348,PM3348,2000
SER3349,PM3349,2000
SER3350,PM3350,600
SER3351,PM3351,600
SER3352,PM3352,1200
SER3353,PM3353,2000
SER3354,PM3354,1200
SER3355,PM3355,1200
SER3356,PM3356,1200
SER3357,PM3357,2000
SER3358,PM3358,2000
SER3359,PM3359,1200
SER3360,PM3360,1200
SER3361,PM3361,1200
SER3362,PM3362,1200
SER3363,PM3363,1200
SER3364,PM3364,600
SER3365,PM3365,1200
SER3366,PM3366,1200
SER3367,PM3367,2000
SER3368,PM3368,600
SER3369,PM3369,2000
SER3370,PM3370,1200
SER3371,PM3371,1200
SER3372,PM3372,1200
SER3373,PM3373,2000
SER3374,PM3374,1200
SER3375,PM3375,600
SER3376,PM3376,1200
SER3377,PM3377,1200
SER3378,PM3378,1200
SER3379,PM3379,600
SER3380,PM3380,1200
SER3381,PM3381,1200
SER3382,PM3382,1200
SER3383,PM3383,1200
SER3384,PM3384,1200
SER3385,PM3385,2000
SER3386,PM3386,2000
SER3387,PM3387,1200
SER3388,PM3388,2000
SER3389,PM3389,2000
SER3390,PM3390,2000
SER3391,PM3391,2000
SER3392,PM3392,2000
SER3393,PM3393,2000
SER3394,PM3394,1200
SER3395,PM3395,1200
SER3396,PM3396,2000
SER3397,PM3397,600
SER3398,PM3398,1200
SER3399,PM3399,2000
SER3400,PM3400,1200
SER3401,PM3401,2000
SER3402,PM3402,1200
SER3403,PM3403,1200
SER3404,PM3404,1200
SER3405,PM3405,1200
SER3406,PM3406,2000
SER3407,PM3407,2000
SER3408,PM3408,1200
SER3409,PM3409,1200
SER3410,PM3410,1200
SER3411,PM3411,2000
SER3412,PM3412,600
SER3413,PM3413,2000
SER3414,PM3414,1200
SER3415,PM3415,600
SER3416,PM3416,1200
SER3417,PM3417,2000
SER3418,PM3418,1200
SER3419,PM3419,600
SER3420,PM3420,1200
SER3421,PM3421,1200
SER3422,PM3422,2000
SER3423,PM3423,1200
SER3424,PM3424,600
SER3425,PM3425,1200
SER3426,PM3426,2000
SER3427,PM3427,2000
SER3428,PM3428,1200
SER3429,PM3429,2000
SER3430,PM3430,1200
SER3431,PM3431,1200
SER3432,PM3432,2000
SER3433,PM3433,1200
SER3434,PM3434,1200
SER3435,PM3435,2000
SER3436,PM3436,1200
SER3437,PM3437,2000
SER3438,PM3438,2000
SER3439,PM3439,2000
SER3440,PM3440,600
SER3441,PM3441,2000
SER3442,PM3442,1200
SER3443,PM3443,600
SER3444,PM3444,1200
SER3445,PM3445,1200
SER3446,PM3446,1200
SER3447,PM3447,2000
SER3448,PM3448,2000
SER3449,PM3449,2000
SER3450,PM3450,1200
SER3451,PM3451,1200
SER3452,PM3452,1200
SER3453,PM3453,2000
SER3454,PM3454,2000
SER3455,PM3455,1200
SER3456,PM3456,2000
SER3457,PM3457,1200
SER3458,PM3458,2000
SER3459,PM3459,1200
SER3460,PM3460,1200
SER3461,PM3461,1200
SER3462,PM3462,2000
SER3463,PM3463,1200
SER3464,PM3464,2000
SER3465,PM3465,1200
SER3466,PM3466,1200
SER3467,PM3467,2000
SER3468,PM3468,2000
SER3469,PM3469,1200
SER3470,PM3470,1200
SER3471,PM3471,1200
SER3472,PM3472,2000
SER3473,PM3473,2000
SER3474,PM3474,1200
SER3475,PM3475,2000
SER3476,PM3476,1200
SER3477,PM3477,1200
SER3478,PM3478,600
SER3479,PM3479,2000
SER3480,PM3480,1200
SER3481,PM3481,1200
SER3482,PM3482,1200
SER3483,PM3483,2000
SER3484,PM3484,2000
SER3485,PM3485,1200
SER3486,PM3486,2000
SER3487,PM3487,2000
SER3488,PM3488,2000
SER3489,PM3489,2000
SER3490,PM3490,1200
SER3491,PM3491,2000
SER3492,PM3492,1200
SER3493,PM3493,2000
SER3494,PM3494,1200
SER3495,PM3495,2000
SER3496,PM3496,2000
SER3497,PM3497,2000
SER3498,PM3498,1200
SER3499,PM3499,1200
SER3500,PM3500,1200
SER3501,PM3501,1200
SER3502,PM3502,2000
SER3503,PM3503,1200
SER3504,PM3504,2000
SER3505,PM3505,2000
SER3506,PM3506,1200
SER3507,PM3507,1200
SER3508,PM3508,1200
SER3509,PM3509,1200
SER3510,PM3510,2000
SER3511,PM3511,1200
SER3512,PM3512,2000
SER3513,PM3513,600
SER3514,PM3514,2000
SER3515,PM3515,2000
SER3516,PM3516,1200
SER3517,PM3517,1200
SER3518,PM3518,1200
SER3519,PM3519,1200
SER3520,PM3520,1200
SER3521,PM3521,2000
SER3522,PM3522,1200
SER3523,PM3523,1200
SER3524,PM3524,2000
SER3525,PM3525,1200
SER3526,PM3526,2000
SER3527,PM3527,2000
SER3528,PM3528,1200
SER3529,PM3529,2000
SER3530,PM3530,600
SER3531,PM3531,1200
SER3532,PM3532,2000
SER3533,PM3533,2000
SER3534,PM3534,2000
SER3535,PM3535,1200
SER3536,PM3536,1200
SER3537,PM3537,1200
SER3538,PM3538,2000
SER3539,PM3539,2000
SER3540,PM3540,1200
SER3541,PM3541,1200
SER3542,PM3542,1200
SER3543,PM3543,600
SER3544,PM3544,2000
SER3545,PM3545,2000
SER3546,PM3546,1200
SER3547,PM3547,600
SER3548,PM3548,2000
SER3549,PM3549,1200
SER3550,PM3550,600
SER3551,PM3551,600
SER3552,PM3552,1200
SER3553,PM3553,2000
SER3554,PM3554,1200
SER3555,PM3555,2000
SER3556,PM3556,1200
SER3557,PM3557,1200
SER3558,PM3558,2000
SER3559,PM3559,1200
SER3560,PM3560,1200
SER3561,PM3561,1200
SER3562,PM3562,1200
SER3563,PM3563,2000
SER3564,PM3564,1200
SER3565,PM3565,1200
SER3566,PM3566,2000
SER3567,PM3567,2000
SER3568,PM3568,2000
SER3569,PM3569,2000
SER3570,PM3570,2000
SER3571,PM3571,1200
SER3572,PM3572,1200
SER3573,PM3573,2000
SER3574,PM3574,2000
SER3575,PM3575,1200
SER3576,PM3576,1200
SER3577,PM3577,1200
SER3578,PM3578,1200
SER3579,PM3579,1200
SER3580,PM3580,1200
SER3581,PM3581,600
SER3582,PM3582,1200
SER3583,PM3583,1200
SER3584,PM3584,1200
SER3585,PM3585,2000
SER3586,PM3586,2000
SER3587,PM3587,1200
SER3588,PM3588,2000
SER3589,PM3589,2000
SER3590,PM3590,2000
SER3591,PM3591,1200
SER3592,PM3592,1200
SER3593,PM3593,1200
SER3594,PM3594,2000
SER3595,PM3595,1200
SER3596,PM3596,2000
SER3597,PM3597,2000
SER3598,PM3598,1200
SER3599,PM3599,2000
SER3600,PM3600,1200
SER3601,PM3601,2000
SER3602,PM3602,2000
SER3603,PM3603,600
SER3604,PM3604,1200
SER3605,PM3605,1200
SER3606,PM3606,1200
SER3607,PM3607,1200
SER3608,PM3608,2000
SER3609,PM3609,2000
SER3610,PM3610,2000
SER3611,PM3611,1200
SER3612,PM3612,2000
SER3613,PM3613,1200
SER3614,PM3614,2000
SER3615,PM3615,2000
SER3616,PM3616,2000
SER3617,PM3617,1200
SER3618,PM3618,2000
SER3619,PM3619,1200
SER3620,PM3620,2000
SER3621,PM3621,2000
SER3622,PM3622,2000
SER3623,PM3623,2000
SER3624,PM3624,1200
SER3625,PM3625,1200
SER3626,PM3626,1200
SER3627,PM3627,1200
SER3628,PM3628,2000
SER3629,PM3629,2000
SER3630,PM3630,2000
SER3631,PM3631,1200
SER3632,PM3632,600
SER3633,PM3633,2000
SER3634,PM3634,1200
SER3635,PM3635,1200
SER3636,PM3636,1200
SER3637,PM3637,2000
SER3638,PM3638,2000
SER3639,PM3639,1200
SER3640,PM3640,600
SER3641,PM3641,2000
SER3642,PM3642,600
SER3643,PM3643,600
SER3644,PM3644,2000
SER3645,PM3645,1200
SER3646,PM3646,2000
SER3647,PM3647,600
SER3648,PM3648,2000
SER3649,PM3649,2000
SER3650,PM3650,1200
SER3651,PM3651,1200
SER3652,PM3652,1200
SER3653,PM3653,1200
SER3654,PM3654,600
SER3655,PM3655,2000
SER3656,PM3656,1200
SER3657,PM3657,1200
SER3658,PM3658,2000
SER3659,PM3659,1200
SER3660,PM3660,2000
SER3661,PM3661,600
SER3662,PM3662,2000
SER3663,PM3663,1200
SER3664,PM3664,1200
SER3665,PM3665,2000
SER3666,PM3666,1200
SER3667,PM3667,1200
SER3668,PM3668,2000
SER3669,PM3669,2000
SER3670,PM3670,1200
SER3671,PM3671,1200
SER3672,PM3672,2000
SER3673,PM3673,1200
SER3674,PM3674,1200
SER3675,PM3675,1200
SER3676,PM3676,2000
SER3677,PM3677,2000
SER3678,PM3678,1200
SER3679,PM3679,1200
SER3680,PM3680,2000
SER3681,PM3681,2000
SER3682,PM3682,2000
SER3683,PM3683,600
SER3684,PM3684,2000
SER3685,PM3685,1200
SER3686,PM3686,2000
SER3687,PM3687,2000
SER3688,PM3688,1200
SER3689,PM3689,1200
SER3690,PM3690,1200
SER3691,PM3691,1200
SER3692,PM3692,2000
SER3693,PM3693,1200
SER3694,PM3694,600
SER3695,PM3695,600
SER3696,PM3696,1200
SER3697,PM3697,1200
SER3698,PM3698,1200
SER3699,PM3699,2000
SER3700,PM3700,1200
SER3701,PM3701,1200
SER3702,PM3702,2000
SER3703,PM3703,1200
SER3704,PM3704,1200
SER3705,PM3705,2000
SER3706,PM3706,1200
SER3707,PM3707,1200
SER3708,PM3708,2000
SER3709,PM3709,1200
SER3710,PM3710,1200
SER3711,PM3711,1200
SER3712,PM3712,2000
SER3713,PM3713,1200
SER3714,PM3714,1200
SER3715,PM3715,1200
SER3716,PM3716,1200
SER3717,PM3717,1200
SER3718,PM3718,1200
SER3719,PM3719,1200
SER3720,PM3720,600
SER3721,PM3721,1200
SER3722,PM3722,1200
SER3723,PM3723,1200
SER3724,PM3724,2000
SER3725,PM3725,2000
SER3726,PM3726,2000
SER3727,PM3727,1200
SER3728,PM3728,1200
SER3729,PM3729,1200
SER3730,PM3730,600
SER3731,PM3731,1200
SER3732,PM3732,1200
SER3733,PM3733,1200
SER3734,PM3734,2000
SER3735,PM3735,2000
SER3736,PM3736,2000
SER3737,PM3737,1200
SER3738,PM3738,2000
SER3739,PM3739,2000
SER3740,PM3740,2000
SER3741,PM3741,2000
SER3742,PM3742,2000
SER3743,PM3743,2000
SER3744,PM3744,2000
SER3745,PM3745,2000
SER3746,PM3746,1200
SER3747,PM3747,1200
SER3748,PM3748,1200
SER3749,PM3749,2000
SER3750,PM3750,1200
SER3751,PM3751,600
SER3752,PM3752,1200
SER3753,PM3753,1200
SER3754,PM3754,2000
SER3755,PM3755,2000
SER3756,PM3756,600
SER3757,PM3757,1200
SER3758,PM3758,2000
SER3759,PM3759,1200
SER3760,PM3760,2000
SER3761,PM3761,1200
SER3762,PM3762,1200
SER3763,PM3763,2000
SER3764,PM3764,2000
SER3765,PM3765,2000
SER3766,PM3766,2000
SER3767,PM3767,2000
SER3768,PM3768,2000
SER3769,PM3769,2000
SER3770,PM3770,2000
SER3771,PM3771,600
SER3772,PM3772,2000
SER3773,PM3773,2000
SER3774,PM3774,1200
SER3775,PM3775,1200
SER3776,PM3776,1200
SER3777,PM3777,600
SER3778,PM3778,1200
SER3779,PM3779,600
SER3780,PM3780,1200
SER3781,PM3781,2000
SER3782,PM3782,1200
SER3783,PM3783,2000
SER3784,PM3784,1200
SER3785,PM3785,2000
SER3786,PM3786,1200
SER3787,PM3787,1200
SER3788,PM3788,2000
SER3789,PM3789,1200
SER3790,PM3790,1200
SER3791,PM3791,600
SER3792,PM3792,600
SER3793,PM3793,1200
SER3794,PM3794,1200
SER3795,PM3795,1200
SER3796,PM3796,1200
SER3797,PM3797,2000
SER3798,PM3798,1200
SER3799,PM3799,1200
SER3800,PM3800,2000
SER3801,PM3801,2000
SER3802,PM3802,2000
SER3803,PM3803,1200
SER3804,PM3804,2000
SER3805,PM3805,1200
SER3806,PM3806,2000
SER3807,PM3807,1200
SER3808,PM3808,1200
SER3809,PM3809,1200
SER3810,PM3810,600
SER3811,PM3811,1200
SER3812,PM3812,1200
SER3813,PM3813,1200
SER3814,PM3814,600
SER3815,PM3815,1200
SER3816,PM3816,1200
SER3817,PM3817,1200
SER3818,PM3818,2000
SER3819,PM3819,1200
SER3820,PM3820,1200
SER3821,PM3821,1200
SER3822,PM3822,1200
SER3823,PM3823,2000
SER3824,PM3824,1200
SER3825,PM3825,1200
SER3826,PM3826,2000
SER3827,PM3827,2000
SER3828,PM3828,1200
SER3829,PM3829,2000
SER3830,PM3830,2000
SER3831,PM3831,1200
SER3832,PM3832,2000
SER3833,PM3833,600
SER3834,PM3834,1200
SER3835,PM3835,2000
SER3836,PM3836,1200
SER3837,PM3837,1200
SER3838,PM3838,2000
SER3839,PM3839,600
SER3840,PM3840,1200
SER3841,PM3841,2000
SER3842,PM3842,1200
SER3843,PM3843,1200
SER3844,PM3844,1200
SER3845,PM3845,1200
SER3846,PM3846,1200
SER3847,PM3847,2000
SER3848,PM3848,600
SER3849,PM3849,1200
SER3850,PM3850,1200
SER3851,PM3851,2000
SER3852,PM3852,1200
SER3853,PM3853,2000
SER3854,PM3854,1200
SER3855,PM3855,2000
SER3856,PM3856,1200
SER3857,PM3857,2000
SER3858,PM3858,2000
SER3859,PM3859,2000
SER3860,PM3860,600
SER3861,PM3861,1200
SER3862,PM3862,1200
SER3863,PM3863,2000
SER3864,PM3864,2000
SER3865,PM3865,1200
SER3866,PM3866,2000
SER3867,PM3867,1200
SER3868,PM3868,2000
SER3869,PM3869,2000
SER3870,PM3870,1200
SER3871,PM3871,1200
SER3872,PM3872,2000
SER3873,PM3873,2000
SER3874,PM3874,600
SER3875,PM3875,1200
SER3876,PM3876,600
SER3877,PM3877,1200
SER3878,PM3878,2000
SER3879,PM3879,1200
SER3880,PM3880,2000
SER3881,PM3881,2000
SER3882,PM3882,1200
SER3883,PM3883,1200
SER3884,PM3884,1200
SER3885,PM3885,2000
SER3886,PM3886,1200
SER3887,PM3887,2000
SER3888,PM3888,2000
SER3889,PM3889,1200
SER3890,PM3890,1200
SER3891,PM3891,1200
SER3892,PM3892,2000
SER3893,PM3893,2000
SER3894,PM3894,1200
SER3895,PM3895,1200
SER3896,PM3896,1200
SER3897,PM3897,1200
SER3898,PM3898,1200
SER3899,PM3899,600
SER3900,PM3900,2000
SER3901,PM3901,1200
SER3902,PM3902,2000
SER3903,PM3903,2000
SER3904,PM3904,1200
SER3905,PM3905,2000
SER3906,PM3906,1200
SER3907,PM3907,1200
SER3908,PM3908,2000
SER3909,PM3909,1200
SER3910,PM3910,1200
SER3911,PM3911,1200
SER3912,PM3912,1200
SER3913,PM3913,1200
SER3914,PM3914,1200
SER3915,PM3915,1200
SER3916,PM3916,2000
SER3917,PM3917,2000
SER3918,PM3918,2000
SER3919,PM3919,2000
SER3920,PM3920,2000
SER3921,PM3921,1200
SER3922,PM3922,1200
SER3923,PM3923,2000
SER3924,PM3924,1200
SER3925,PM3925,1200
SER3926,PM3926,600
SER3927,PM3927,2000
SER3928,PM3928,1200
SER3929,PM3929,1200
SER3930,PM3930,2000
SER3931,PM3931,1200
SER3932,PM3932,1200
SER3933,PM3933,2000
SER3934,PM3934,1200
SER3935,PM3935,1200
SER3936,PM3936,2000
SER3937,PM3937,1200
SER3938,PM3938,600
SER3939,PM3939,2000
SER3940,PM3940,1200
SER3941,PM3941,2000
SER3942,PM3942,1200
SER3943,PM3943,2000
SER3944,PM3944,1200
SER3945,PM3945,2000
SER3946,PM3946,1200
SER3947,PM3947,2000
SER3948,PM3948,2000
SER3949,PM3949,2000
SER3950,PM3950,2000
SER3951,PM3951,2000
SER3952,PM3952,1200
SER3953,PM3953,1200
SER3954,PM3954,2000
SER3955,PM3955,2000
SER3956,PM3956,2000
SER3957,PM3957,2000
SER3958,PM3958,1200
SER3959,PM3959,2000
SER3960,PM3960,2000
SER3961,PM3961,1200
SER3962,PM3962,1200
SER3963,PM3963,1200
SER3964,PM3964,2000
SER3965,PM3965,600
SER3966,PM3966,2000
SER3967,PM3967,1200
SER3968,PM3968,1200
SER3969,PM3969,1200
SER3970,PM3970,1200
SER3971,PM3971,1200
SER3972,PM3972,1200
SER3973,PM3973,2000
SER3974,PM3974,2000
SER3975,PM3975,1200
SER3976,PM3976,1200
SER3977,PM3977,1200
SER3978,PM3978,2000
SER3979,PM3979,600
SER3980,PM3980,1200
SER3981,PM3981,2000
SER3982,PM3982,1200
SER3983,PM3983,600
SER3984,PM3984,1200
SER3985,PM3985,1200
SER3986,PM3986,1200
SER3987,PM3987,1200
SER3988,PM3988,1200
SER3989,PM3989,1200
SER3990,PM3990,1200
SER3991,PM3991,2000
SER3992,PM3992,2000
SER3993,PM3993,1200
SER3994,PM3994,2000
SER3995,PM3995,1200
SER3996,PM3996,1200
SER3997,PM3997,2000
SER3998,PM3998,1200
SER3999,PM3999,1200
SER4000,PM4000,2000
SER4001,PM4001,2000
SER4002,PM4002,2000
SER4003,PM4003,600
SER4004,PM4004,1200
SER4005,PM4005,2000
SER4006,PM4006,2000
SER4007,PM4007,1200
SER4008,PM4008,2000
SER4009,PM4009,1200
SER4010,PM4010,1200
SER4011,PM4011,2000
SER4012,PM4012,1200
SER4013,PM4013,1200
SER4014,PM4014,1200
SER4015,PM4015,1200
SER4016,PM4016,2000
SER4017,PM4017,1200
SER4018,PM4018,1200
SER4019,PM4019,1200
SER4020,PM4020,600
SER4021,PM4021,1200
SER4022,PM4022,2000
SER4023,PM4023,1200
SER4024,PM4024,2000
SER4025,PM4025,2000
SER4026,PM4026,600
SER4027,PM4027,600
SER4028,PM4028,1200
SER4029,PM4029,2000
SER4030,PM4030,600
SER4031,PM4031,1200
SER4032,PM4032,1200
SER4033,PM4033,600
SER4034,PM4034,2000
SER4035,PM4035,1200
SER4036,PM4036,1200
SER4037,PM4037,1200
SER4038,PM4038,1200
SER4039,PM4039,1200
SER4040,PM4040,1200
SER4041,PM4041,1200
SER4042,PM4042,1200
SER4043,PM4043,600
SER4044,PM4044,600
SER4045,PM4045,2000
SER4046,PM4046,2000
SER4047,PM4047,2000
SER4048,PM4048,1200
SER4049,PM4049,1200
SER4050,PM4050,1200
SER4051,PM4051,1200
SER4052,PM4052,600
SER4053,PM4053,600
SER4054,PM4054,1200
SER4055,PM4055,1200
SER4056,PM4056,2000
SER4057,PM4057,2000
SER4058,PM4058,1200
SER4059,PM4059,1200
SER4060,PM4060,1200
SER4061,PM4061,2000
SER4062,PM4062,2000
SER4063,PM4063,1200
SER4064,PM4064,1200
SER4065,PM4065,1200
SER4066,PM4066,1200
SER4067,PM4067,1200
SER4068,PM4068,600
SER4069,PM4069,1200
SER4070,PM4070,600
SER4071,PM4071,2000
SER4072,PM4072,1200
SER4073,PM4073,600
SER4074,PM4074,2000
SER4075,PM4075,1200
SER4076,PM4076,2000
SER4077,PM4077,2000
SER4078,PM4078,2000
SER4079,PM4079,2000
SER4080,PM4080,2000
SER4081,PM4081,1200
SER4082,PM4082,2000
SER4083,PM4083,600
SER4084,PM4084,2000
SER4085,PM4085,2000
SER4086,PM4086,2000
SER4087,PM4087,1200
SER4088,PM4088,1200
SER4089,PM4089,2000
SER4090,PM4090,2000
SER4091,PM4091,2000
SER4092,PM4092,2000
SER4093,PM4093,2000
SER4094,PM4094,1200
SER4095,PM4095,1200
SER4096,PM4096,2000
SER4097,PM4097,1200
SER4098,PM4098,600
SER4099,PM4099,1200
SER4100,PM4100,2000
SER4101,PM4101,2000
SER4102,PM4102,2000
SER4103,PM4103,1200
SER4104,PM4104,1200
SER4105,PM4105,1200
SER4106,PM4106,2000
SER4107,PM4107,2000
SER4108,PM4108,2000
SER4109,PM4109,1200
SER4110,PM4110,1200
SER4111,PM4111,1200
SER4112,PM4112,1200
SER4113,PM4113,2000
SER4114,PM4114,2000
SER4115,PM4115,1200
SER4116,PM4116,2000
SER4117,PM4117,2000
SER4118,PM4118,1200
SER4119,PM4119,1200
SER4120,PM4120,600
SER4121,PM4121,2000
SER4122,PM4122,1200
SER4123,PM4123,600
SER4124,PM4124,2000
SER4125,PM4125,1200
SER4126,PM4126,2000
SER4127,PM4127,2000
SER4128,PM4128,600
SER4129,PM4129,2000
SER4130,PM4130,1200
SER4131,PM4131,1200
SER4132,PM4132,600
SER4133,PM4133,1200
SER4134,PM4134,600
SER4135,PM4135,1200
SER4136,PM4136,1200
SER4137,PM4137,2000
SER4138,PM4138,1200
SER4139,PM4139,1200
SER4140,PM4140,1200
SER4141,PM4141,2000
SER4142,PM4142,1200
SER4143,PM4143,2000
SER4144,PM4144,1200
SER4145,PM4145,2000
SER4146,PM4146,2000
SER4147,PM4147,2000
SER4148,PM4148,1200
SER4149,PM4149,2000
SER4150,PM4150,600
SER4151,PM4151,2000
SER4152,PM4152,2000
SER4153,PM4153,1200
SER4154,PM4154,1200
SER4155,PM4155,600
SER4156,PM4156,1200
SER4157,PM4157,2000
SER4158,PM4158,2000
SER4159,PM4159,2000
SER4160,PM4160,600
SER4161,PM4161,2000
SER4162,PM4162,2000
SER4163,PM4163,2000
SER4164,PM4164,2000
SER4165,PM4165,2000
SER4166,PM4166,1200
SER4167,PM4167,2000
SER4168,PM4168,1200
SER4169,PM4169,1200
SER4170,PM4170,2000
SER4171,PM4171,2000
SER4172,PM4172,1200
SER4173,PM4173,1200
SER4174,PM4174,1200
SER4175,PM4175,1200
SER4176,PM4176,1200
SER4177,PM4177,2000
SER4178,PM4178,2000
SER4179,PM4179,2000
SER4180,PM4180,600
SER4181,PM4181,1200
SER4182,PM4182,1200
SER4183,PM4183,1200
SER4184,PM4184,1200
SER4185,PM4185,1200
SER4186,PM4186,1200
SER4187,PM4187,2000
SER4188,PM4188,2000
SER4189,PM4189,2000
SER4190,PM4190,1200
SER4191,PM4191,1200
SER4192,PM4192,1200
SER4193,PM4193,1200
SER4194,PM4194,1200
SER4195,PM4195,2000
SER4196,PM4196,2000
SER4197,PM4197,2000
SER4198,PM4198,1200
SER4199,PM4199,600
SER4200,PM4200,1200
SER4201,PM4201,1200
SER4202,PM4202,1200
SER4203,PM4203,1200
SER4204,PM4204,1200
SER4205,PM4205,2000
SER4206,PM4206,1200
SER4207,PM4207,2000
SER4208,PM4208,600
SER4209,PM4209,1200
SER4210,PM4210,1200
SER4211,PM4211,2000
SER4212,PM4212,600
SER4213,PM4213,2000
SER4214,PM4214,600
SER4215,PM4215,2000
SER4216,PM4216,1200
SER4217,PM4217,2000
SER4218,PM4218,1200
SER4219,PM4219,2000
SER4220,PM4220,600
SER4221,PM4221,2000
SER4222,PM4222,2000
SER4223,PM4223,1200
SER4224,PM4224,2000
SER4225,PM4225,2000
SER4226,PM4226,1200
SER4227,PM4227,2000
SER4228,PM4228,1200
SER4229,PM4229,1200
SER4230,PM4230,1200
SER4231,PM4231,2000
SER4232,PM4232,2000
SER4233,PM4233,1200
SER4234,PM4234,2000
SER4235,PM4235,1200
SER4236,PM4236,1200
SER4237,PM4237,1200
SER4238,PM4238,2000
SER4239,PM4239,1200
SER4240,PM4240,2000
SER4241,PM4241,1200
SER4242,PM4242,2000
SER4243,PM4243,1200
SER4244,PM4244,1200
SER4245,PM4245,2000
SER4246,PM4246,1200
SER4247,PM4247,1200
SER4248,PM4248,1200
SER4249,PM4249,1200
SER4250,PM4250,2000
SER4251,PM4251,1200
SER4252,PM4252,2000
SER4253,PM4253,1200
SER4254,PM4254,1200
SER4255,PM4255,1200
SER4256,PM4256,1200
SER4257,PM4257,2000
SER4258,PM4258,2000
SER4259,PM4259,2000
SER4260,PM4260,2000
SER4261,PM4261,1200
SER4262,PM4262,2000
SER4263,PM4263,1200
SER4264,PM4264,2000
SER4265,PM4265,600
SER4266,PM4266,1200
SER4267,PM4267,600
SER4268,PM4268,1200
SER4269,PM4269,1200
SER4270,PM4270,2000
SER4271,PM4271,1200
SER4272,PM4272,1200
SER4273,PM4273,2000
SER4274,PM4274,2000
SER4275,PM4275,2000
SER4276,PM4276,2000
SER4277,PM4277,2000
SER4278,PM4278,2000
SER4279,PM4279,2000
SER4280,PM4280,2000
SER4281,PM4281,1200
SER4282,PM4282,600
SER4283,PM4283,1200
SER4284,PM4284,600
SER4285,PM4285,2000
SER4286,PM4286,1200
SER4287,PM4287,1200
SER4288,PM4288,2000
SER4289,PM4289,600
SER4290,PM4290,2000
SER4291,PM4291,1200
SER4292,PM4292,2000
SER4293,PM4293,1200
SER4294,PM4294,2000
SER4295,PM4295,2000
SER4296,PM4296,2000
SER4297,PM4297,1200
SER4298,PM4298,1200
SER4299,PM4299,1200
SER4300,PM4300,1200
SER4301,PM4301,2000
SER4302,PM4302,2000
SER4303,PM4303,1200
SER4304,PM4304,1200
SER4305,PM4305,1200
SER4306,PM4306,1200
SER4307,PM4307,2000
SER4308,PM4308,1200
SER4309,PM4309,1200
SER4310,PM4310,2000
SER4311,PM4311,600
SER4312,PM4312,1200
SER4313,PM4313,2000
SER4314,PM4314,1200
SER4315,PM4315,600
SER4316,PM4316,1200
SER4317,PM4317,1200
SER4318,PM4318,2000
SER4319,PM4319,2000
SER4320,PM4320,2000
SER4321,PM4321,1200
SER4322,PM4322,2000
SER4323,PM4323,1200
SER4324,PM4324,2000
SER4325,PM4325,1200
SER4326,PM4326,1200
SER4327,PM4327,2000
SER4328,PM4328,1200
SER4329,PM4329,600
SER4330,PM4330,600
SER4331,PM4331,2000
SER4332,PM4332,2000
SER4333,PM4333,1200
SER4334,PM4334,1200
SER4335,PM4335,1200
SER4336,PM4336,2000
SER4337,PM4337,2000
SER4338,PM4338,1200
SER4339,PM4339,1200
SER4340,PM4340,2000
SER4341,PM4341,2000
SER4342,PM4342,1200
SER4343,PM4343,1200
SER4344,PM4344,1200
SER4345,PM4345,2000
SER4346,PM4346,2000
SER4347,PM4347,1200
SER4348,PM4348,1200
SER4349,PM4349,2000
SER4350,PM4350,2000
SER4351,PM4351,1200
SER4352,PM4352,2000
SER4353,PM4353,600
SER4354,PM4354,1200
SER4355,PM4355,2000
SER4356,PM4356,2000
SER4357,PM4357,1200
SER4358,PM4358,2000
SER4359,PM4359,1200
SER4360,PM4360,2000
SER4361,PM4361,2000
SER4362,PM4362,1200
SER4363,PM4363,1200
SER4364,PM4364,600
SER4365,PM4365,600
SER4366,PM4366,1200
SER4367,PM4367,2000
SER4368,PM4368,600
SER4369,PM4369,600
SER4370,PM4370,1200
SER4371,PM4371,1200
SER4372,PM4372,1200
SER4373,PM4373,1200
SER4374,PM4374,2000
SER4375,PM4375,1200
SER4376,PM4376,2000
SER4377,PM4377,2000
SER4378,PM4378,2000
SER4379,PM4379,2000
SER4380,PM4380,2000
SER4381,PM4381,1200
SER4382,PM4382,2000
SER4383,PM4383,2000
SER4384,PM4384,2000
SER4385,PM4385,1200
SER4386,PM4386,2000
SER4387,PM4387,2000
SER4388,PM4388,1200
SER4389,PM4389,600
SER4390,PM4390,2000
SER4391,PM4391,600
SER4392,PM4392,2000
SER4393,PM4393,1200
SER4394,PM4394,2000
SER4395,PM4395,1200
SER4396,PM4396,1200
SER4397,PM4397,2000
SER4398,PM4398,600
SER4399,PM4399,1200
SER4400,PM4400,2000
SER4401,PM4401,1200
SER4402,PM4402,2000
SER4403,PM4403,1200
SER4404,PM4404,1200
SER4405,PM4405,2000
SER4406,PM4406,1200
SER4407,PM4407,1200
SER4408,PM4408,600
SER4409,PM4409,2000
SER4410,PM4410,1200
SER4411,PM4411,2000
SER4412,PM4412,2000
SER4413,PM4413,2000
SER4414,PM4414,2000
SER4415,PM4415,1200
SER4416,PM4416,1200
SER4417,PM4417,1200
SER4418,PM4418,1200
SER4419,PM4419,1200
SER4420,PM4420,2000
SER4421,PM4421,2000
SER4422,PM4422,1200
SER4423,PM4423,1200
SER4424,PM4424,1200
SER4425,PM4425,1200
SER4426,PM4426,1200
SER4427,PM4427,2000
SER4428,PM4428,1200
SER4429,PM4429,1200
SER4430,PM4430,600
SER4431,PM4431,2000
SER4432,PM4432,1200
SER4433,PM4433,1200
SER4434,PM4434,2000
SER4435,PM4435,2000
SER4436,PM4436,1200
SER4437,PM4437,1200
SER4438,PM4438,2000
SER4439,PM4439,1200
SER4440,PM4440,1200
SER4441,PM4441,2000
SER4442,PM4442,1200
SER4443,PM4443,2000
SER4444,PM4444,2000
SER4445,PM4445,600
SER4446,PM4446,2000
SER4447,PM4447,2000
SER4448,PM4448,1200
SER4449,PM4449,2000
SER4450,PM4450,1200
SER4451,PM4451,2000
SER4452,PM4452,2000
SER4453,PM4453,2000
SER4454,PM4454,2000
SER4455,PM4455,1200
SER4456,PM4456,600
SER4457,PM4457,2000
SER4458,PM4458,1200
SER4459,PM4459,1200
SER4460,PM4460,1200
SER4461,PM4461,2000
SER4462,PM4462,2000
SER4463,PM4463,1200
SER4464,PM4464,1200
SER4465,PM4465,1200
SER4466,PM4466,1200
SER4467,PM4467,1200
SER4468,PM4468,2000
SER4469,PM4469,2000
SER4470,PM4470,2000
SER4471,PM4471,2000
SER4472,PM4472,2000
SER4473,PM4473,1200
SER4474,PM4474,1200
SER4475,PM4475,2000
SER4476,PM4476,1200
SER4477,PM4477,1200
SER4478,PM4478,1200
SER4479,PM4479,1200
SER4480,PM4480,2000
SER4481,PM4481,2000
SER4482,PM4482,1200
SER4483,PM4483,1200
SER4484,PM4484,1200
SER4485,PM4485,1200
SER4486,PM4486,600
SER4487,PM4487,2000
SER4488,PM4488,1200
SER4489,PM4489,1200
SER4490,PM4490,1200
SER4491,PM4491,2000
SER4492,PM4492,1200
SER4493,PM4493,2000
SER4494,PM4494,2000
SER4495,PM4495,2000
SER4496,PM4496,2000
SER4497,PM4497,1200
SER4498,PM4498,2000
SER4499,PM4499,1200
SER4500,PM4500,1200
SER4501,PM4501,1200
SER4502,PM4502,2000
SER4503,PM4503,1200
SER4504,PM4504,1200
SER4505,PM4505,1200
SER4506,PM4506,600
SER4507,PM4507,1200
SER4508,PM4508,2000
SER4509,PM4509,1200
SER4510,PM4510,2000
SER4511,PM4511,1200
SER4512,PM4512,1200
SER4513,PM4513,2000
SER4514,PM4514,2000
SER4515,PM4515,1200
SER4516,PM4516,2000
SER4517,PM4517,600
SER4518,PM4518,1200
SER4519,PM4519,2000
SER4520,PM4520,1200
SER4521,PM4521,1200
SER4522,PM4522,2000
SER4523,PM4523,1200
SER4524,PM4524,2000
SER4525,PM4525,1200
SER4526,PM4526,1200
SER4527,PM4527,1200
SER4528,PM4528,2000
SER4529,PM4529,600
SER4530,PM4530,2000
SER4531,PM4531,1200
SER4532,PM4532,2000
SER4533,PM4533,2000
SER4534,PM4534,2000
SER4535,PM4535,2000
SER4536,PM4536,2000
SER4537,PM4537,2000
SER4538,PM4538,1200
SER4539,PM4539,2000
SER4540,PM4540,1200
SER4541,PM4541,600
SER4542,PM4542,1200
SER4543,PM4543,1200
SER4544,PM4544,1200
SER4545,PM4545,600
SER4546,PM4546,1200
SER4547,PM4547,2000
SER4548,PM4548,2000
SER4549,PM4549,600
SER4550,PM4550,1200
SER4551,PM4551,600
SER4552,PM4552,1200
SER4553,PM4553,1200
SER4554,PM4554,1200
SER4555,PM4555,2000
SER4556,PM4556,1200
SER4557,PM4557,600
SER4558,PM4558,1200
SER4559,PM4559,1200
SER4560,PM4560,2000
SER4561,PM4561,1200
SER4562,PM4562,1200
SER4563,PM4563,2000
SER4564,PM4564,2000
SER4565,PM4565,1200
SER4566,PM4566,600
SER4567,PM4567,2000
SER4568,PM4568,2000
SER4569,PM4569,1200
SER4570,PM4570,600
SER4571,PM4571,2000
SER4572,PM4572,1200
SER4573,PM4573,1200
SER4574,PM4574,2000
SER4575,PM4575,600
SER4576,PM4576,1200
SER4577,PM4577,1200
SER4578,PM4578,1200
SER4579,PM4579,1200
SER4580,PM4580,1200
SER4581,PM4581,2000
SER4582,PM4582,1200
SER4583,PM4583,2000
SER4584,PM4584,2000
SER4585,PM4585,1200
SER4586,PM4586,600
SER4587,PM4587,600
SER4588,PM4588,1200
SER4589,PM4589,1200
SER4590,PM4590,2000
SER4591,PM4591,2000
SER4592,PM4592,2000
SER4593,PM4593,2000
SER4594,PM4594,1200
SER4595,PM4595,600
SER4596,PM4596,2000
SER4597,PM4597,600
SER4598,PM4598,2000
SER4599,PM4599,2000
SER4600,PM4600,2000
SER4601,PM4601,2000
SER4602,PM4602,2000
SER4603,PM4603,2000
SER4604,PM4604,2000
SER4605,PM4605,600
SER4606,PM4606,1200
SER4607,PM4607,2000
SER4608,PM4608,1200
SER4609,PM4609,1200
SER4610,PM4610,2000
SER4611,PM4611,1200
SER4612,PM4612,1200
SER4613,PM4613,1200
SER4614,PM4614,1200
SER4615,PM4615,1200
SER4616,PM4616,1200
SER4617,PM4617,1200
SER4618,PM4618,1200
SER4619,PM4619,2000
SER4620,PM4620,600
SER4621,PM4621,1200
SER4622,PM4622,2000
SER4623,PM4623,600
SER4624,PM4624,2000
SER4625,PM4625,1200
SER4626,PM4626,2000
SER4627,PM4627,2000
SER4628,PM4628,2000
SER4629,PM4629,2000
SER4630,PM4630,1200
SER4631,PM4631,1200
SER4632,PM4632,1200
SER4633,PM4633,1200
SER4634,PM4634,1200
SER4635,PM4635,2000
SER4636,PM4636,2000
SER4637,PM4637,1200
SER4638,PM4638,2000
SER4639,PM4639,1200
SER4640,PM4640,1200
SER4641,PM4641,1200
SER4642,PM4642,2000
SER4643,PM4643,1200
SER4644,PM4644,1200
SER4645,PM4645,1200
SER4646,PM4646,2000
SER4647,PM4647,1200
SER4648,PM4648,1200
SER4649,PM4649,1200
SER4650,PM4650,2000
SER4651,PM4651,1200
SER4652,PM4652,2000
SER4653,PM4653,1200
SER4654,PM4654,1200
SER4655,PM4655,1200
SER4656,PM4656,1200
SER4657,PM4657,1200
SER4658,PM4658,1200
SER4659,PM4659,1200
SER4660,PM4660,1200
SER4661,PM4661,1200
SER4662,PM4662,2000
SER4663,PM4663,600
SER4664,PM4664,2000
SER4665,PM4665,1200
SER4666,PM4666,2000
SER4667,PM4667,600
SER4668,PM4668,1200
SER4669,PM4669,2000
SER4670,PM4670,2000
SER4671,PM4671,2000
SER4672,PM4672,1200
SER4673,PM4673,2000
SER4674,PM4674,1200
SER4675,PM4675,2000
SER4676,PM4676,1200
SER4677,PM4677,1200
SER4678,PM4678,1200
SER4679,PM4679,2000
SER4680,PM4680,1200
SER4681,PM4681,1200
SER4682,PM4682,1200
SER4683,PM4683,1200
SER4684,PM4684,2000
SER4685,PM4685,2000
SER4686,PM4686,2000
SER4687,PM4687,2000
SER4688,PM4688,1200
SER4689,PM4689,2000
SER4690,PM4690,1200
SER4691,PM4691,2000
SER4692,PM4692,600
SER4693,PM4693,1200
SER4694,PM4694,2000
SER4695,PM4695,600
SER4696,PM4696,2000
SER4697,PM4697,2000
SER4698,PM4698,1200
SER4699,PM4699,1200
SER4700,PM4700,2000
SER4701,PM4701,1200
SER4702,PM4702,2000
SER4703,PM4703,2000
SER4704,PM4704,2000
SER4705,PM4705,2000
SER4706,PM4706,1200
SER4707,PM4707,1200
SER4708,PM4708,1200
SER4709,PM4709,2000
SER4710,PM4710,2000
SER4711,PM4711,2000
SER4712,PM4712,600
SER4713,PM4713,2000
SER4714,PM4714,2000
SER4715,PM4715,600
SER4716,PM4716,2000
SER4717,PM4717,2000
SER4718,PM4718,1200
SER4719,PM4719,2000
SER4720,PM4720,2000
SER4721,PM4721,2000
SER4722,PM4722,2000
SER4723,PM4723,2000
SER4724,PM4724,1200
SER4725,PM4725,1200
SER4726,PM4726,1200
SER4727,PM4727,2000
SER4728,PM4728,2000
SER4729,PM4729,1200
SER4730,PM4730,2000
SER4731,PM4731,1200
SER4732,PM4732,1200
SER4733,PM4733,2000
SER4734,PM4734,1200
SER4735,PM4735,1200
SER4736,PM4736,600
SER4737,PM4737,2000
SER4738,PM4738,600
SER4739,PM4739,600
SER4740,PM4740,2000
SER4741,PM4741,2000
SER4742,PM4742,1200
SER4743,PM4743,2000
SER4744,PM4744,1200
SER4745,PM4745,1200
SER4746,PM4746,600
SER4747,PM4747,2000
SER4748,PM4748,600
SER4749,PM4749,2000
SER4750,PM4750,1200
SER4751,PM4751,2000
SER4752,PM4752,1200
SER4753,PM4753,2000
SER4754,PM4754,1200
SER4755,PM4755,2000
SER4756,PM4756,1200
SER4757,PM4757,2000
SER4758,PM4758,1200
SER4759,PM4759,2000
SER4760,PM4760,2000
SER4761,PM4761,600
SER4762,PM4762,1200
SER4763,PM4763,2000
SER4764,PM4764,2000
SER4765,PM4765,1200
SER4766,PM4766,600
SER4767,PM4767,2000
SER4768,PM4768,600
SER4769,PM4769,2000
SER4770,PM4770,2000
SER4771,PM4771,2000
SER4772,PM4772,1200
SER4773,PM4773,2000
SER4774,PM4774,1200
SER4775,PM4775,1200
SER4776,PM4776,1200
SER4777,PM4777,1200
SER4778,PM4778,2000
SER4779,PM4779,1200
SER4780,PM4780,2000
SER4781,PM4781,1200
SER4782,PM4782,600
SER4783,PM4783,2000
SER4784,PM4784,1200
SER4785,PM4785,2000
SER4786,PM4786,2000
SER4787,PM4787,2000
SER4788,PM4788,1200
SER4789,PM4789,1200
SER4790,PM4790,1200
SER4791,PM4791,1200
SER4792,PM4792,2000
SER4793,PM4793,1200
SER4794,PM4794,1200
SER4795,PM4795,1200
SER4796,PM4796,2000
SER4797,PM4797,2000
SER4798,PM4798,2000
SER4799,PM4799,1200
SER4800,PM4800,1200
SER4801,PM4801,2000
SER4802,PM4802,1200
SER4803,PM4803,2000
SER4804,PM4804,2000
SER4805,PM4805,600
SER4806,PM4806,1200
SER4807,PM4807,1200
SER4808,PM4808,1200
SER4809,PM4809,1200
SER4810,PM4810,2000
SER4811,PM4811,1200
SER4812,PM4812,1200
SER4813,PM4813,2000
SER4814,PM4814,1200
SER4815,PM4815,1200
SER4816,PM4816,1200
SER4817,PM4817,2000
SER4818,PM4818,2000
SER4819,PM4819,600
SER4820,PM4820,2000
SER4821,PM4821,1200
SER4822,PM4822,2000
SER4823,PM4823,1200
SER4824,PM4824,1200
SER4825,PM4825,1200
SER4826,PM4826,1200
SER4827,PM4827,2000
SER4828,PM4828,1200
SER4829,PM4829,2000
SER4830,PM4830,1200
SER4831,PM4831,1200
SER4832,PM4832,1200
SER4833,PM4833,2000
SER4834,PM4834,1200
SER4835,PM4835,600
SER4836,PM4836,2000
SER4837,PM4837,1200
SER4838,PM4838,1200
SER4839,PM4839,1200
SER4840,PM4840,1200
SER4841,PM4841,1200
SER4842,PM4842,1200
SER4843,PM4843,2000
SER4844,PM4844,2000
SER4845,PM4845,2000
SER4846,PM4846,2000
SER4847,PM4847,600
SER4848,PM4848,1200
SER4849,PM4849,2000
SER4850,PM4850,600
SER4851,PM4851,2000
SER4852,PM4852,1200
SER4853,PM4853,1200
SER4854,PM4854,1200
SER4855,PM4855,2000
SER4856,PM4856,2000
SER4857,PM4857,1200
SER4858,PM4858,1200
SER4859,PM4859,1200
SER4860,PM4860,1200
SER4861,PM4861,600
SER4862,PM4862,1200
SER4863,PM4863,1200
SER4864,PM4864,2000
SER4865,PM4865,1200
SER4866,PM4866,1200
SER4867,PM4867,600
SER4868,PM4868,2000
SER4869,PM4869,1200
SER4870,PM4870,1200
SER4871,PM4871,2000
SER4872,PM4872,1200
SER4873,PM4873,1200
SER4874,PM4874,1200
SER4875,PM4875,2000
SER4876,PM4876,1200
SER4877,PM4877,2000
SER4878,PM4878,1200
SER4879,PM4879,1200
SER4880,PM4880,1200
SER4881,PM4881,600
SER4882,PM4882,2000
SER4883,PM4883,1200
SER4884,PM4884,1200
SER4885,PM4885,2000
SER4886,PM4886,2000
SER4887,PM4887,2000
SER4888,PM4888,2000
SER4889,PM4889,2000
SER4890,PM4890,1200
SER4891,PM4891,1200
SER4892,PM4892,1200
SER4893,PM4893,1200
SER4894,PM4894,1200
SER4895,PM4895,2000
SER4896,PM4896,2000
SER4897,PM4897,2000
SER4898,PM4898,1200
SER4899,PM4899,1200
SER4900,PM4900,1200
SER4901,PM4901,600
SER4902,PM4902,1200
SER4903,PM4903,2000
SER4904,PM4904,1200
SER4905,PM4905,1200
SER4906,PM4906,1200
SER4907,PM4907,1200
SER4908,PM4908,2000
SER4909,PM4909,2000
SER4910,PM4910,2000
SER4911,PM4911,1200
SER4912,PM4912,1200
SER4913,PM4913,600
SER4914,PM4914,2000
SER4915,PM4915,2000
SER4916,PM4916,600
SER4917,PM4917,2000
SER4918,PM4918,1200
SER4919,PM4919,2000
SER4920,PM4920,2000
SER4921,PM4921,1200
SER4922,PM4922,1200
SER4923,PM4923,1200
SER4924,PM4924,600
SER4925,PM4925,1200
SER4926,PM4926,600
SER4927,PM4927,1200
SER4928,PM4928,1200
SER4929,PM4929,2000
SER4930,PM4930,1200
SER4931,PM4931,600
SER4932,PM4932,1200
SER4933,PM4933,1200
SER4934,PM4934,1200
SER4935,PM4935,2000
SER4936,PM4936,1200
SER4937,PM4937,2000
SER4938,PM4938,1200
SER4939,PM4939,2000
SER4940,PM4940,600
SER4941,PM4941,600
SER4942,PM4942,2000
SER4943,PM4943,2000
SER4944,PM4944,1200
SER4945,PM4945,1200
SER4946,PM4946,1200
SER4947,PM4947,2000
SER4948,PM4948,2000
SER4949,PM4949,1200
SER4950,PM4950,2000
SER4951,PM4951,1200
SER4952,PM4952,2000
SER4953,PM4953,600
SER4954,PM4954,2000
SER4955,PM4955,2000
SER4956,PM4956,1200
SER4957,PM4957,1200
SER4958,PM4958,2000
SER4959,PM4959,600
SER4960,PM4960,2000
SER4961,PM4961,1200
SER4962,PM4962,600
SER4963,PM4963,2000
SER4964,PM4964,1200
SER4965,PM4965,1200
SER4966,PM4966,2000
SER4967,PM4967,2000
SER4968,PM4968,600
SER4969,PM4969,2000
SER4970,PM4970,1200
SER4971,PM4971,2000
SER4972,PM4972,1200
SER4973,PM4973,2000
SER4974,PM4974,2000
SER4975,PM4975,1200
SER4976,PM4976,2000
SER4977,PM4977,1200
SER4978,PM4978,2000
SER4979,PM4979,2000
SER4980,PM4980,2000
SER4981,PM4981,1200
SER4982,PM4982,2000
SER4983,PM4983,2000
SER4984,PM4984,2000
SER4985,PM4985,2000
SER4986,PM4986,1200
SER4987,PM4987,2000
SER4988,PM4988,2000
SER4989,PM4989,600
SER4990,PM4990,1200
SER4991,PM4991,1200
SER4992,PM4992,2000
SER4993,PM4993,1200
SER4994,PM4994,1200
SER4995,PM4995,2000
SER4996,PM4996,2000
SER4997,PM4997,2000
SER4998,PM4998,2000
SER4999,PM4999,1200
SER5000,PM5000,1200
