E01,ROL01
E02,ROL02
E03,ROL03
E04,ROL04
E05,ROL05
E06,ROL06
E07,ROL07
E08,ROL08
E09,ROL09
E10,ROL10
E11,ROL11
E12,ROL12
E13,ROL13
E14,ROL14
E15,ROL15
E16,ROL16
E17,ROL17
E18,ROL18
E19,ROL19
E20,ROL20
E21,ROL21
E22,ROL22
E23,ROL23
E24,ROL24
E25,ROL25
E26,ROL26
E27,ROL27
E28,ROL28
E29,ROL29
E30,ROL30
E31,ROL31
E32,ROL32
E33,ROL33
E34,ROL34
E35,ROL35
E36,ROL36
E37,ROL37
E38,ROL38
E39,ROL39
E40,ROL40
E41,ROL41
E42,ROL42
E43,ROL43
E44,ROL44
E45,ROL45
E46,ROL46
E47,ROL47
E48,ROL48
E49,ROL49
E50,ROL50
E51,ROL51
E52,ROL52
E53,ROL53
E54,ROL54
E55,ROL55
E56,ROL56
E57,ROL57
E58,ROL58
E59,ROL59
E60,ROL60
E61,ROL61
E62,ROL62
E63,ROL63
E64,ROL64
E65,ROL65
E66,ROL66
E67,ROL67
E68,ROL68
E69,ROL69
E70,ROL70
E71,ROL71
E72,ROL72
E73,ROL73
E74,ROL74
E75,ROL75
E76,ROL76
E77,ROL77
E78,ROL78
E79,ROL79
E80,ROL80
E81,ROL81
E82,ROL82
E83,ROL83
E84,ROL84
E85,ROL85
E86,ROL86
E87,ROL87
E88,ROL88
E89,ROL89
E90,ROL90
E91,ROL91
E92,ROL92
E93,ROL93
E94,ROL94
E95,ROL95
E96,ROL96
E97,ROL97
E98,ROL98
E99,ROL99
E100,ROL100
E101,ROL101
E102,ROL102
E103,ROL103
E104,ROL104
E105,ROL105
E106,ROL106
E107,ROL107
E108,ROL108
E109,ROL109
E110,ROL110
E111,ROL111
E112,ROL112
E113,ROL113
E114,ROL114
E115,ROL115
E116,ROL116
E117,ROL117
E118,ROL118
E119,ROL119
E120,ROL120
E121,ROL121
E122,ROL122
E123,ROL123
E124,ROL124
E125,ROL125
E126,ROL126
E127,ROL127
E128,ROL128
E129,ROL129
E130,ROL130
E131,ROL131
E132,ROL132
E133,ROL133
E134,ROL134
E135,ROL135
E136,ROL136
E137,ROL137
E138,ROL138
E139,ROL139
E140,ROL140
E141,ROL141
E142,ROL142
E143,ROL143
E144,ROL144
E145,ROL145
E146,ROL146
E147,ROL147
E148,ROL148
E149,ROL149
E150,ROL150
E151,ROL151
E152,ROL152
E153,ROL153
E154,ROL154
E155,ROL155
E156,ROL156
E157,ROL157
E158,ROL158
E159,ROL159
E160,ROL160
E161,ROL161
E162,ROL162
E163,ROL163
E164,ROL164
E165,ROL165
E166,ROL166
E167,ROL167
E168,ROL168
E169,ROL169
E170,ROL170
E171,ROL171
E172,ROL172
E173,ROL173
E174,ROL174
E175,ROL175
E176,ROL176
E177,ROL177
E178,ROL178
E179,ROL179
E180,ROL180
E181,ROL181
E182,ROL182
E183,ROL183
E184,ROL184
E185,ROL185
E186,ROL186
E187,ROL187
E188,ROL188
E189,ROL189
E190,ROL190
E191,ROL191
E192,ROL192
E193,ROL193
E194,ROL194
E195,ROL195
E196,ROL196
E197,ROL197
E198,ROL198
E199,ROL199
E200,ROL200
E201,ROL201
E202,ROL202
E203,ROL203
E204,ROL204
E205,ROL205
E206,ROL206
E207,ROL207
E208,ROL208
E209,ROL209
E210,ROL210
E211,ROL211
E212,ROL212
E213,ROL213
E214,ROL214
E215,ROL215
E216,ROL216
E217,ROL217
E218,ROL218
E219,ROL219
E220,ROL220
E221,ROL221
E222,ROL222
E223,ROL223
E224,ROL224
E225,ROL225
E226,ROL226
E227,ROL227
E228,ROL228
E229,ROL229
E230,ROL230
E231,ROL231
E232,ROL232
E233,ROL233
E234,ROL234
E235,ROL235
E236,ROL236
E237,ROL237
E238,ROL238
E239,ROL239
E240,ROL240
E241,ROL241
E242,ROL242
E243,ROL243
E244,ROL244
E245,ROL245
E246,ROL246
E247,ROL247
E248,ROL248
E249,ROL249
E250,ROL250
E251,ROL251
E252,ROL252
E253,ROL253
E254,ROL254
E255,ROL255
E256,ROL256
E257,ROL257
E258,ROL258
E259,ROL259
E260,ROL260
E261,ROL261
E262,ROL262
E263,ROL263
E264,ROL264
E265,ROL265
E266,ROL266
E267,ROL267
E268,ROL268
E269,ROL269
E270,ROL270
E271,ROL271
E272,ROL272
E273,ROL273
E274,ROL274
E275,ROL275
E276,ROL276
E277,ROL277
E278,ROL278
E279,ROL279
E280,ROL280
E281,ROL281
E282,ROL282
E283,ROL283
E284,ROL284
E285,ROL285
E286,ROL286
E287,ROL287
E288,ROL288
E289,ROL289
E290,ROL290
E291,ROL291
E292,ROL292
E293,ROL293
E294,ROL294
E295,ROL295
E296,ROL296
E297,ROL297
E298,ROL298
E299,ROL299
E300,ROL300
E301,ROL301
E302,ROL302
E303,ROL303
E304,ROL304
E305,ROL305
E306,ROL306
E307,ROL307
E308,ROL308
E309,ROL309
E310,ROL310
E311,ROL311
E312,ROL312
E313,ROL313
E314,ROL314
E315,ROL315
E316,ROL316
E317,ROL317
E318,ROL318
E319,ROL319
E320,ROL320
E321,ROL321
E322,ROL322
E323,ROL323
E324,ROL324
E325,ROL325
E326,ROL326
E327,ROL327
E328,ROL328
E329,ROL329
E330,ROL330
E331,ROL331
E332,ROL332
E333,ROL333
E334,ROL334
E335,ROL335
E336,ROL336
E337,ROL337
E338,ROL338
E339,ROL339
E340,ROL340
E341,ROL341
E342,ROL342
E343,ROL343
E344,ROL344
E345,ROL345
E346,ROL346
E347,ROL347
E348,ROL348
E349,ROL349
E350,ROL350
E351,ROL351
E352,ROL352
E353,ROL353
E354,ROL354
E355,ROL355
E356,ROL356
E357,ROL357
E358,ROL358
E359,ROL359
E360,ROL360
E361,ROL361
E362,ROL362
E363,ROL363
E364,ROL364
E365,ROL365
E366,ROL366
E367,ROL367
E368,ROL368
E369,ROL369
E370,ROL370
E371,ROL371
E372,ROL372
E373,ROL373
E374,ROL374
E375,ROL375
E376,ROL376
E377,ROL377
E378,ROL378
E379,ROL379
E380,ROL380
E381,ROL381
E382,ROL382
E383,ROL383
E384,ROL384
E385,ROL385
E386,ROL386
E387,ROL387
E388,ROL388
E389,ROL389
E390,ROL390
E391,ROL391
E392,ROL392
E393,ROL393
E394,ROL394
E395,ROL395
E396,ROL396
E397,ROL397
E398,ROL398
E399,ROL399
E400,ROL400
E401,ROL401
E402,ROL402
E403,ROL403
E404,ROL404
E405,ROL405
E406,ROL406
E407,ROL407
E408,ROL408
E409,ROL409
E410,ROL410
E411,ROL411
E412,ROL412
E413,ROL413
E414,ROL414
E415,ROL415
E416,ROL416
E417,ROL417
E418,ROL418
E419,ROL419
E420,ROL420
E421,ROL421
E422,ROL422
E423,ROL423
E424,ROL424
E425,ROL425
E426,ROL426
E427,ROL427
E428,ROL428
E429,ROL429
E430,ROL430
E431,ROL431
E432,ROL432
E433,ROL433
E434,ROL434
E435,ROL435
E436,ROL436
E437,ROL437
E438,ROL438
E439,ROL439
E440,ROL440
E441,ROL441
E442,ROL442
E443,ROL443
E444,ROL444
E445,ROL445
E446,ROL446
E447,ROL447
E448,ROL448
E449,ROL449
E450,ROL450
E451,ROL451
E452,ROL452
E453,ROL453
E454,ROL454
E455,ROL455
E456,ROL456
E457,ROL457
E458,ROL458
E459,ROL459
E460,ROL460
E461,ROL461
E462,ROL462
E463,ROL463
E464,ROL464
E465,ROL465
E466,ROL466
E467,ROL467
E468,ROL468
E469,ROL469
E470,ROL470
E471,ROL471
E472,ROL472
E473,ROL473
E474,ROL474
E475,ROL475
E476,ROL476
E477,ROL477
E478,ROL478
E479,ROL479
E480,ROL480
E481,ROL481
E482,ROL482
E483,ROL483
E484,ROL484
E485,ROL485
E486,ROL486
E487,ROL487
E488,ROL488
E489,ROL489
E490,ROL490
E491,ROL491
E492,ROL492
E493,ROL493
E494,ROL494
E495,ROL495
E496,ROL496
E497,ROL497
E498,ROL498
E499,ROL499
E500,ROL500
E501,ROL501
E502,ROL502
E503,ROL503
E504,ROL504
E505,ROL505
E506,ROL506
E507,ROL507
E508,ROL508
E509,ROL509
E510,ROL510
E511,ROL511
E512,ROL512
E513,ROL513
E514,ROL514
E515,ROL515
E516,ROL516
E517,ROL517
E518,ROL518
E519,ROL519
E520,ROL520
E521,ROL521
E522,ROL522
E523,ROL523
E524,ROL524
E525,ROL525
E526,ROL526
E527,ROL527
E528,ROL528
E529,ROL529
E530,ROL530
E531,ROL531
E532,ROL532
E533,ROL533
E534,ROL534
E535,ROL535
E536,ROL536
E537,ROL537
E538,ROL538
E539,ROL539
E540,ROL540
E541,ROL541
E542,ROL542
E543,ROL543
E544,ROL544
E545,ROL545
E546,ROL546
E547,ROL547
E548,ROL548
E549,ROL549
E550,ROL550
E551,ROL551
E552,ROL552
E553,ROL553
E554,ROL554
E555,ROL555
E556,ROL556
E557,ROL557
E558,ROL558
E559,ROL559
E560,ROL560
E561,ROL561
E562,ROL562
E563,ROL563
E564,ROL564
E565,ROL565
E566,ROL566
E567,ROL567
E568,ROL568
E569,ROL569
E570,ROL570
E571,ROL571
E572,ROL572
E573,ROL573
E574,ROL574
E575,ROL575
E576,ROL576
E577,ROL577
E578,ROL578
E579,ROL579
E580,ROL580
E581,ROL581
E582,ROL582
E583,ROL583
E584,ROL584
E585,ROL585
E586,ROL586
E587,ROL587
E588,ROL588
E589,ROL589
E590,ROL590
E591,ROL591
E592,ROL592
E593,ROL593
E594,ROL594
E595,ROL595
E596,ROL596
E597,ROL597
E598,ROL598
E599,ROL599
E600,ROL600
E601,ROL601
E602,ROL602
E603,ROL603
E604,ROL604
E605,ROL605
E606,ROL606
E607,ROL607
E608,ROL608
E609,ROL609
E610,ROL610
E611,ROL611
E612,ROL612
E613,ROL613
E614,ROL614
E615,ROL615
E616,ROL616
E617,ROL617
E618,ROL618
E619,ROL619
E620,ROL620
E621,ROL621
E622,ROL622
E623,ROL623
E624,ROL624
E625,ROL625
E626,ROL626
E627,ROL627
E628,ROL628
E629,ROL629
E630,ROL630
E631,ROL631
E632,ROL632
E633,ROL633
E634,ROL634
E635,ROL635
E636,ROL636
E637,ROL637
E638,ROL638
E639,ROL639
E640,ROL640
E641,ROL641
E642,ROL642
E643,ROL643
E644,ROL644
E645,ROL645
E646,ROL646
E647,ROL647
E648,ROL648
E649,ROL649
E650,ROL650
E651,ROL651
E652,ROL652
E653,ROL653
E654,ROL654
E655,ROL655
E656,ROL656
E657,ROL657
E658,ROL658
E659,ROL659
E660,ROL660
E661,ROL661
E662,ROL662
E663,ROL663
E664,ROL664
E665,ROL665
E666,ROL666
E667,ROL667
E668,ROL668
E669,ROL669
E670,ROL670
E671,ROL671
E672,ROL672
E673,ROL673
E674,ROL674
E675,ROL675
E676,ROL676
E677,ROL677
E678,ROL678
E679,ROL679
E680,ROL680
E681,ROL681
E682,ROL682
E683,ROL683
E684,ROL684
E685,ROL685
E686,ROL686
E687,ROL687
E688,ROL688
E689,ROL689
E690,ROL690
E691,ROL691
E692,ROL692
E693,ROL693
E694,ROL694
E695,ROL695
E696,ROL696
E697,ROL697
E698,ROL698
E699,ROL699
E700,ROL700
E701,ROL701
E702,ROL702
E703,ROL703
E704,ROL704
E705,ROL705
E706,ROL706
E707,ROL707
E708,ROL708
E709,ROL709
E710,ROL710
E711,ROL711
E712,ROL712
E713,ROL713
E714,ROL714
E715,ROL715
E716,ROL716
E717,ROL717
E718,ROL718
E719,ROL719
E720,ROL720
E721,ROL721
E722,ROL722
E723,ROL723
E724,ROL724
E725,ROL725
E726,ROL726
E727,ROL727
E728,ROL728
E729,ROL729
E730,ROL730
E731,ROL731
E732,ROL732
E733,ROL733
E734,ROL734
E735,ROL735
E736,ROL736
E737,ROL737
E738,ROL738
E739,ROL739
E740,ROL740
E741,ROL741
E742,ROL742
E743,ROL743
E744,ROL744
E745,ROL745
E746,ROL746
E747,ROL747
E748,ROL748
E749,ROL749
E750,ROL750
E751,ROL751
E752,ROL752
E753,ROL753
E754,ROL754
E755,ROL755
E756,ROL756
E757,ROL757
E758,ROL758
E759,ROL759
E760,ROL760
E761,ROL761
E762,ROL762
E763,ROL763
E764,ROL764
E765,ROL765
E766,ROL766
E767,ROL767
E768,ROL768
E769,ROL769
E770,ROL770
E771,ROL771
E772,ROL772
E773,ROL773
E774,ROL774
E775,ROL775
E776,ROL776
E777,ROL777
E778,ROL778
E779,ROL779
E780,ROL780
E781,ROL781
E782,ROL782
E783,ROL783
E784,ROL784
E785,ROL785
E786,ROL786
E787,ROL787
E788,ROL788
E789,ROL789
E790,ROL790
E791,ROL791
E792,ROL792
E793,ROL793
E794,ROL794
E795,ROL795
E796,ROL796
E797,ROL797
E798,ROL798
E799,ROL799
E800,ROL800
E801,ROL801
E802,ROL802
E803,ROL803
E804,ROL804
E805,ROL805
E806,ROL806
E807,ROL807
E808,ROL808
E809,ROL809
E810,ROL810
E811,ROL811
E812,ROL812
E813,ROL813
E814,ROL814
E815,ROL815
E816,ROL816
E817,ROL817
E818,ROL818
E819,ROL819
E820,ROL820
E821,ROL821
E822,ROL822
E823,ROL823
E824,ROL824
E825,ROL825
E826,ROL826
E827,ROL827
E828,ROL828
E829,ROL829
E830,ROL830
E831,ROL831
E832,ROL832
E833,ROL833
E834,ROL834
E835,ROL835
E836,ROL836
E837,ROL837
E838,ROL838
E839,ROL839
E840,ROL840
E841,ROL841
E842,ROL842
E843,ROL843
E844,ROL844
E845,ROL845
E846,ROL846
E847,ROL847
E848,ROL848
E849,ROL849
E850,ROL850
E851,ROL851
E852,ROL852
E853,ROL853
E854,ROL854
E855,ROL855
E856,ROL856
E857,ROL857
E858,ROL858
E859,ROL859
E860,ROL860
E861,ROL861
E862,ROL862
E863,ROL863
E864,ROL864
E865,ROL865
E866,ROL866
E867,ROL867
E868,ROL868
E869,ROL869
E870,ROL870
E871,ROL871
E872,ROL872
E873,ROL873
E874,ROL874
E875,ROL875
E876,ROL876
E877,ROL877
E878,ROL878
E879,ROL879
E880,ROL880
E881,ROL881
E882,ROL882
E883,ROL883
E884,ROL884
E885,ROL885
E886,ROL886
E887,ROL887
E888,ROL888
E889,ROL889
E890,ROL890
E891,ROL891
E892,ROL892
E893,ROL893
E894,ROL894
E895,ROL895
E896,ROL896
E897,ROL897
E898,ROL898
E899,ROL899
E900,ROL900
E901,ROL901
E902,ROL902
E903,ROL903
E904,ROL904
E905,ROL905
E906,ROL906
E907,ROL907
E908,ROL908
E909,ROL909
E910,ROL910
E911,ROL911
E912,ROL912
E913,ROL913
E914,ROL914
E915,ROL915
E916,ROL916
E917,ROL917
E918,ROL918
E919,ROL919
E920,ROL920
E921,ROL921
E922,ROL922
E923,ROL923
E924,ROL924
E925,ROL925
E926,ROL926
E927,ROL927
E928,ROL928
E929,ROL929
E930,ROL930
E931,ROL931
E932,ROL932
E933,ROL933
E934,ROL934
E935,ROL935
E936,ROL936
E937,ROL937
E938,ROL938
E939,ROL939
E940,ROL940
E941,ROL941
E942,ROL942
E943,ROL943
E944,ROL944
E945,ROL945
E946,ROL946
E947,ROL947
E948,ROL948
E949,ROL949
E950,ROL950
E951,ROL951
E952,ROL952
E953,ROL953
E954,ROL954
E955,ROL955
E956,ROL956
E957,ROL957
E958,ROL958
E959,ROL959
E960,ROL960
E961,ROL961
E962,ROL962
E963,ROL963
E964,ROL964
E965,ROL965
E966,ROL966
E967,ROL967
E968,ROL968
E969,ROL969
E970,ROL970
E971,ROL971
E972,ROL972
E973,ROL973
E974,ROL974
E975,ROL975
E976,ROL976
E977,ROL977
E978,ROL978
E979,ROL979
E980,ROL980
E981,ROL981
E982,ROL982
E983,ROL983
E984,ROL984
E985,ROL985
E986,ROL986
E987,ROL987
E988,ROL988
E989,ROL989
E990,ROL990
E991,ROL991
E992,ROL992
E993,ROL993
E994,ROL994
E995,ROL995
E996,ROL996
E997,ROL997
E998,ROL998
E999,ROL999
E1000,ROL1000
E1001,ROL1001
E1002,ROL1002
E1003,ROL1003
E1004,ROL1004
E1005,ROL1005
E1006,ROL1006
E1007,ROL1007
E1008,ROL1008
E1009,ROL1009
E1010,ROL1010
E1011,ROL1011
E1012,ROL1012
E1013,ROL1013
E1014,ROL1014
E1015,ROL1015
E1016,ROL1016
E1017,ROL1017
E1018,ROL1018
E1019,ROL1019
E1020,ROL1020
E1021,ROL1021
E1022,ROL1022
E1023,ROL1023
E1024,ROL1024
E1025,ROL1025
E1026,ROL1026
E1027,ROL1027
E1028,ROL1028
E1029,ROL1029
E1030,ROL1030
E1031,ROL1031
E1032,ROL1032
E1033,ROL1033
E1034,ROL1034
E1035,ROL1035
E1036,ROL1036
E1037,ROL1037
E1038,ROL1038
E1039,ROL1039
E1040,ROL1040
E1041,ROL1041
E1042,ROL1042
E1043,ROL1043
E1044,ROL1044
E1045,ROL1045
E1046,ROL1046
E1047,ROL1047
E1048,ROL1048
E1049,ROL1049
E1050,ROL1050
E1051,ROL1051
E1052,ROL1052
E1053,ROL1053
E1054,ROL1054
E1055,ROL1055
E1056,ROL1056
E1057,ROL1057
E1058,ROL1058
E1059,ROL1059
E1060,ROL1060
E1061,ROL1061
E1062,ROL1062
E1063,ROL1063
E1064,ROL1064
E1065,ROL1065
E1066,ROL1066
E1067,ROL1067
E1068,ROL1068
E1069,ROL1069
E1070,ROL1070
E1071,ROL1071
E1072,ROL1072
E1073,ROL1073
E1074,ROL1074
E1075,ROL1075
E1076,ROL1076
E1077,ROL1077
E1078,ROL1078
E1079,ROL1079
E1080,ROL1080
E1081,ROL1081
E1082,ROL1082
E1083,ROL1083
E1084,ROL1084
E1085,ROL1085
E1086,ROL1086
E1087,ROL1087
E1088,ROL1088
E1089,ROL1089
E1090,ROL1090
E1091,ROL1091
E1092,ROL1092
E1093,ROL1093
E1094,ROL1094
E1095,ROL1095
E1096,ROL1096
E1097,ROL1097
E1098,ROL1098
E1099,ROL1099
E1100,ROL1100
E1101,ROL1101
E1102,ROL1102
E1103,ROL1103
E1104,ROL1104
E1105,ROL1105
E1106,ROL1106
E1107,ROL1107
E1108,ROL1108
E1109,ROL1109
E1110,ROL1110
E1111,ROL1111
E1112,ROL1112
E1113,ROL1113
E1114,ROL1114
E1115,ROL1115
E1116,ROL1116
E1117,ROL1117
E1118,ROL1118
E1119,ROL1119
E1120,ROL1120
E1121,ROL1121
E1122,ROL1122
E1123,ROL1123
E1124,ROL1124
E1125,ROL1125
E1126,ROL1126
E1127,ROL1127
E1128,ROL1128
E1129,ROL1129
E1130,ROL1130
E1131,ROL1131
E1132,ROL1132
E1133,ROL1133
E1134,ROL1134
E1135,ROL1135
E1136,ROL1136
E1137,ROL1137
E1138,ROL1138
E1139,ROL1139
E1140,ROL1140
E1141,ROL1141
E1142,ROL1142
E1143,ROL1143
E1144,ROL1144
E1145,ROL1145
E1146,ROL1146
E1147,ROL1147
E1148,ROL1148
E1149,ROL1149
E1150,ROL1150
E1151,ROL1151
E1152,ROL1152
E1153,ROL1153
E1154,ROL1154
E1155,ROL1155
E1156,ROL1156
E1157,ROL1157
E1158,ROL1158
E1159,ROL1159
E1160,ROL1160
E1161,ROL1161
E1162,ROL1162
E1163,ROL1163
E1164,ROL1164
E1165,ROL1165
E1166,ROL1166
E1167,ROL1167
E1168,ROL1168
E1169,ROL1169
E1170,ROL1170
E1171,ROL1171
E1172,ROL1172
E1173,ROL1173
E1174,ROL1174
E1175,ROL1175
E1176,ROL1176
E1177,ROL1177
E1178,ROL1178
E1179,ROL1179
E1180,ROL1180
E1181,ROL1181
E1182,ROL1182
E1183,ROL1183
E1184,ROL1184
E1185,ROL1185
E1186,ROL1186
E1187,ROL1187
E1188,ROL1188
E1189,ROL1189
E1190,ROL1190
E1191,ROL1191
E1192,ROL1192
E1193,ROL1193
E1194,ROL1194
E1195,ROL1195
E1196,ROL1196
E1197,ROL1197
E1198,ROL1198
E1199,ROL1199
E1200,ROL1200
E1201,ROL1201
E1202,ROL1202
E1203,ROL1203
E1204,ROL1204
E1205,ROL1205
E1206,ROL1206
E1207,ROL1207
E1208,ROL1208
E1209,ROL1209
E1210,ROL1210
E1211,ROL1211
E1212,ROL1212
E1213,ROL1213
E1214,ROL1214
E1215,ROL1215
E1216,ROL1216
E1217,ROL1217
E1218,ROL1218
E1219,ROL1219
E1220,ROL1220
E1221,ROL1221
E1222,ROL1222
E1223,ROL1223
E1224,ROL1224
E1225,ROL1225
E1226,ROL1226
E1227,ROL1227
E1228,ROL1228
E1229,ROL1229
E1230,ROL1230
E1231,ROL1231
E1232,ROL1232
E1233,ROL1233
E1234,ROL1234
E1235,ROL1235
E1236,ROL1236
E1237,ROL1237
E1238,ROL1238
E1239,ROL1239
E1240,ROL1240
E1241,ROL1241
E1242,ROL1242
E1243,ROL1243
E1244,ROL1244
E1245,ROL1245
E1246,ROL1246
E1247,ROL1247
E1248,ROL1248
E1249,ROL1249
E1250,ROL1250
E1251,ROL1251
E1252,ROL1252
E1253,ROL1253
E1254,ROL1254
E1255,ROL1255
E1256,ROL1256
E1257,ROL1257
E1258,ROL1258
E1259,ROL1259
E1260,ROL1260
E1261,ROL1261
E1262,ROL1262
E1263,ROL1263
E1264,ROL1264
E1265,ROL1265
E1266,ROL1266
E1267,ROL1267
E1268,ROL1268
E1269,ROL1269
E1270,ROL1270
E1271,ROL1271
E1272,ROL1272
E1273,ROL1273
E1274,ROL1274
E1275,ROL1275
E1276,ROL1276
E1277,ROL1277
E1278,ROL1278
E1279,ROL1279
E1280,ROL1280
E1281,ROL1281
E1282,ROL1282
E1283,ROL1283
E1284,ROL1284
E1285,ROL1285
E1286,ROL1286
E1287,ROL1287
E1288,ROL1288
E1289,ROL1289
E1290,ROL1290
E1291,ROL1291
E1292,ROL1292
E1293,ROL1293
E1294,ROL1294
E1295,ROL1295
E1296,ROL1296
E1297,ROL1297
E1298,ROL1298
E1299,ROL1299
E1300,ROL1300
E1301,ROL1301
E1302,ROL1302
E1303,ROL1303
E1304,ROL1304
E1305,ROL1305
E1306,ROL1306
E1307,ROL1307
E1308,ROL1308
E1309,ROL1309
E1310,ROL1310
E1311,ROL1311
E1312,ROL1312
E1313,ROL1313
E1314,ROL1314
E1315,ROL1315
E1316,ROL1316
E1317,ROL1317
E1318,ROL1318
E1319,ROL1319
E1320,ROL1320
E1321,ROL1321
E1322,ROL1322
E1323,ROL1323
E1324,ROL1324
E1325,ROL1325
E1326,ROL1326
E1327,ROL1327
E1328,ROL1328
E1329,ROL1329
E1330,ROL1330
E1331,ROL1331
E1332,ROL1332
E1333,ROL1333
E1334,ROL1334
E1335,ROL1335
E1336,ROL1336
E1337,ROL1337
E1338,ROL1338
E1339,ROL1339
E1340,ROL1340
E1341,ROL1341
E1342,ROL1342
E1343,ROL1343
E1344,ROL1344
E1345,ROL1345
E1346,ROL1346
E1347,ROL1347
E1348,ROL1348
E1349,ROL1349
E1350,ROL1350
E1351,ROL1351
E1352,ROL1352
E1353,ROL1353
E1354,ROL1354
E1355,ROL1355
E1356,ROL1356
E1357,ROL1357
E1358,ROL1358
E1359,ROL1359
E1360,ROL1360
E1361,ROL1361
E1362,ROL1362
E1363,ROL1363
E1364,ROL1364
E1365,ROL1365
E1366,ROL1366
E1367,ROL1367
E1368,ROL1368
E1369,ROL1369
E1370,ROL1370
E1371,ROL1371
E1372,ROL1372
E1373,ROL1373
E1374,ROL1374
E1375,ROL1375
E1376,ROL1376
E1377,ROL1377
E1378,ROL1378
E1379,ROL1379
E1380,ROL1380
E1381,ROL1381
E1382,ROL1382
E1383,ROL1383
E1384,ROL1384
E1385,ROL1385
E1386,ROL1386
E1387,ROL1387
E1388,ROL1388
E1389,ROL1389
E1390,ROL1390
E1391,ROL1391
E1392,ROL1392
E1393,ROL1393
E1394,ROL1394
E1395,ROL1395
E1396,ROL1396
E1397,ROL1397
E1398,ROL1398
E1399,ROL1399
E1400,ROL1400
E1401,ROL1401
E1402,ROL1402
E1403,ROL1403
E1404,ROL1404
E1405,ROL1405
E1406,ROL1406
E1407,ROL1407
E1408,ROL1408
E1409,ROL1409
E1410,ROL1410
E1411,ROL1411
E1412,ROL1412
E1413,ROL1413
E1414,ROL1414
E1415,ROL1415
E1416,ROL1416
E1417,ROL1417
E1418,ROL1418
E1419,ROL1419
E1420,ROL1420
E1421,ROL1421
E1422,ROL1422
E1423,ROL1423
E1424,ROL1424
E1425,ROL1425
E1426,ROL1426
E1427,ROL1427
E1428,ROL1428
E1429,ROL1429
E1430,ROL1430
E1431,ROL1431
E1432,ROL1432
E1433,ROL1433
E1434,ROL1434
E1435,ROL1435
E1436,ROL1436
E1437,ROL1437
E1438,ROL1438
E1439,ROL1439
E1440,ROL1440
E1441,ROL1441
E1442,ROL1442
E1443,ROL1443
E1444,ROL1444
E1445,ROL1445
E1446,ROL1446
E1447,ROL1447
E1448,ROL1448
E1449,ROL1449
E1450,ROL1450
E1451,ROL1451
E1452,ROL1452
E1453,ROL1453
E1454,ROL1454
E1455,ROL1455
E1456,ROL1456
E1457,ROL1457
E1458,ROL1458
E1459,ROL1459
E1460,ROL1460
E1461,ROL1461
E1462,ROL1462
E1463,ROL1463
E1464,ROL1464
E1465,ROL1465
E1466,ROL1466
E1467,ROL1467
E1468,ROL1468
E1469,ROL1469
E1470,ROL1470
E1471,ROL1471
E1472,ROL1472
E1473,ROL1473
E1474,ROL1474
E1475,ROL1475
E1476,ROL1476
E1477,ROL1477
E1478,ROL1478
E1479,ROL1479
E1480,ROL1480
E1481,ROL1481
E1482,ROL1482
E1483,ROL1483
E1484,ROL1484
E1485,ROL1485
E1486,ROL1486
E1487,ROL1487
E1488,ROL1488
E1489,ROL1489
E1490,ROL1490
E1491,ROL1491
E1492,ROL1492
E1493,ROL1493
E1494,ROL1494
E1495,ROL1495
E1496,ROL1496
E1497,ROL1497
E1498,ROL1498
E1499,ROL1499
E1500,ROL1500
E1501,ROL1501
E1502,ROL1502
E1503,ROL1503
E1504,ROL1504
E1505,ROL1505
E1506,ROL1506
E1507,ROL1507
E1508,ROL1508
E1509,ROL1509
E1510,ROL1510
E1511,ROL1511
E1512,ROL1512
E1513,ROL1513
E1514,ROL1514
E1515,ROL1515
E1516,ROL1516
E1517,ROL1517
E1518,ROL1518
E1519,ROL1519
E1520,ROL1520
E1521,ROL1521
E1522,ROL1522
E1523,ROL1523
E1524,ROL1524
E1525,ROL1525
E1526,ROL1526
E1527,ROL1527
E1528,ROL1528
E1529,ROL1529
E1530,ROL1530
E1531,ROL1531
E1532,ROL1532
E1533,ROL1533
E1534,ROL1534
E1535,ROL1535
E1536,ROL1536
E1537,ROL1537
E1538,ROL1538
E1539,ROL1539
E1540,ROL1540
E1541,ROL1541
E1542,ROL1542
E1543,ROL1543
E1544,ROL1544
E1545,ROL1545
E1546,ROL1546
E1547,ROL1547
E1548,ROL1548
E1549,ROL1549
E1550,ROL1550
E1551,ROL1551
E1552,ROL1552
E1553,ROL1553
E1554,ROL1554
E1555,ROL1555
E1556,ROL1556
E1557,ROL1557
E1558,ROL1558
E1559,ROL1559
E1560,ROL1560
E1561,ROL1561
E1562,ROL1562
E1563,ROL1563
E1564,ROL1564
E1565,ROL1565
E1566,ROL1566
E1567,ROL1567
E1568,ROL1568
E1569,ROL1569
E1570,ROL1570
E1571,ROL1571
E1572,ROL1572
E1573,ROL1573
E1574,ROL1574
E1575,ROL1575
E1576,ROL1576
E1577,ROL1577
E1578,ROL1578
E1579,ROL1579
E1580,ROL1580
E1581,ROL1581
E1582,ROL1582
E1583,ROL1583
E1584,ROL1584
E1585,ROL1585
E1586,ROL1586
E1587,ROL1587
E1588,ROL1588
E1589,ROL1589
E1590,ROL1590
E1591,ROL1591
E1592,ROL1592
E1593,ROL1593
E1594,ROL1594
E1595,ROL1595
E1596,ROL1596
E1597,ROL1597
E1598,ROL1598
E1599,ROL1599
E1600,ROL1600
E1601,ROL1601
E1602,ROL1602
E1603,ROL1603
E1604,ROL1604
E1605,ROL1605
E1606,ROL1606
E1607,ROL1607
E1608,ROL1608
E1609,ROL1609
E1610,ROL1610
E1611,ROL1611
E1612,ROL1612
E1613,ROL1613
E1614,ROL1614
E1615,ROL1615
E1616,ROL1616
E1617,ROL1617
E1618,ROL1618
E1619,ROL1619
E1620,ROL1620
E1621,ROL1621
E1622,ROL1622
E1623,ROL1623
E1624,ROL1624
E1625,ROL1625
E1626,ROL1626
E1627,ROL1627
E1628,ROL1628
E1629,ROL1629
E1630,ROL1630
E1631,ROL1631
E1632,ROL1632
E1633,ROL1633
E1634,ROL1634
E1635,ROL1635
E1636,ROL1636
E1637,ROL1637
E1638,ROL1638
E1639,ROL1639
E1640,ROL1640
E1641,ROL1641
E1642,ROL1642
E1643,ROL1643
E1644,ROL1644
E1645,ROL1645
E1646,ROL1646
E1647,ROL1647
E1648,ROL1648
E1649,ROL1649
E1650,ROL1650
E1651,ROL1651
E1652,ROL1652
E1653,ROL1653
E1654,ROL1654
E1655,ROL1655
E1656,ROL1656
E1657,ROL1657
E1658,ROL1658
E1659,ROL1659
E1660,ROL1660
E1661,ROL1661
E1662,ROL1662
E1663,ROL1663
E1664,ROL1664
E1665,ROL1665
E1666,ROL1666
E1667,ROL1667
E1668,ROL1668
E1669,ROL1669
E1670,ROL1670
E1671,ROL1671
E1672,ROL1672
E1673,ROL1673
E1674,ROL1674
E1675,ROL1675
E1676,ROL1676
E1677,ROL1677
E1678,ROL1678
E1679,ROL1679
E1680,ROL1680
E1681,ROL1681
E1682,ROL1682
E1683,ROL1683
E1684,ROL1684
E1685,ROL1685
E1686,ROL1686
E1687,ROL1687
E1688,ROL1688
E1689,ROL1689
E1690,ROL1690
E1691,ROL1691
E1692,ROL1692
E1693,ROL1693
E1694,ROL1694
E1695,ROL1695
E1696,ROL1696
E1697,ROL1697
E1698,ROL1698
E1699,ROL1699
E1700,ROL1700
E1701,ROL1701
E1702,ROL1702
E1703,ROL1703
E1704,ROL1704
E1705,ROL1705
E1706,ROL1706
E1707,ROL1707
E1708,ROL1708
E1709,ROL1709
E1710,ROL1710
E1711,ROL1711
E1712,ROL1712
E1713,ROL1713
E1714,ROL1714
E1715,ROL1715
E1716,ROL1716
E1717,ROL1717
E1718,ROL1718
E1719,ROL1719
E1720,ROL1720
E1721,ROL1721
E1722,ROL1722
E1723,ROL1723
E1724,ROL1724
E1725,ROL1725
E1726,ROL1726
E1727,ROL1727
E1728,ROL1728
E1729,ROL1729
E1730,ROL1730
E1731,ROL1731
E1732,ROL1732
E1733,ROL1733
E1734,ROL1734
E1735,ROL1735
E1736,ROL1736
E1737,ROL1737
E1738,ROL1738
E1739,ROL1739
E1740,ROL1740
E1741,ROL1741
E1742,ROL1742
E1743,ROL1743
E1744,ROL1744
E1745,ROL1745
E1746,ROL1746
E1747,ROL1747
E1748,ROL1748
E1749,ROL1749
E1750,ROL1750
E1751,ROL1751
E1752,ROL1752
E1753,ROL1753
E1754,ROL1754
E1755,ROL1755
E1756,ROL1756
E1757,ROL1757
E1758,ROL1758
E1759,ROL1759
E1760,ROL1760
E1761,ROL1761
E1762,ROL1762
E1763,ROL1763
E1764,ROL1764
E1765,ROL1765
E1766,ROL1766
E1767,ROL1767
E1768,ROL1768
E1769,ROL1769
E1770,ROL1770
E1771,ROL1771
E1772,ROL1772
E1773,ROL1773
E1774,ROL1774
E1775,ROL1775
E1776,ROL1776
E1777,ROL1777
E1778,ROL1778
E1779,ROL1779
E1780,ROL1780
E1781,ROL1781
E1782,ROL1782
E1783,ROL1783
E1784,ROL1784
E1785,ROL1785
E1786,ROL1786
E1787,ROL1787
E1788,ROL1788
E1789,ROL1789
E1790,ROL1790
E1791,ROL1791
E1792,ROL1792
E1793,ROL1793
E1794,ROL1794
E1795,ROL1795
E1796,ROL1796
E1797,ROL1797
E1798,ROL1798
E1799,ROL1799
E1800,ROL1800
E1801,ROL1801
E1802,ROL1802
E1803,ROL1803
E1804,ROL1804
E1805,ROL1805
E1806,ROL1806
E1807,ROL1807
E1808,ROL1808
E1809,ROL1809
E1810,ROL1810
E1811,ROL1811
E1812,ROL1812
E1813,ROL1813
E1814,ROL1814
E1815,ROL1815
E1816,ROL1816
E1817,ROL1817
E1818,ROL1818
E1819,ROL1819
E1820,ROL1820
E1821,ROL1821
E1822,ROL1822
E1823,ROL1823
E1824,ROL1824
E1825,ROL1825
E1826,ROL1826
E1827,ROL1827
E1828,ROL1828
E1829,ROL1829
E1830,ROL1830
E1831,ROL1831
E1832,ROL1832
E1833,ROL1833
E1834,ROL1834
E1835,ROL1835
E1836,ROL1836
E1837,ROL1837
E1838,ROL1838
E1839,ROL1839
E1840,ROL1840
E1841,ROL1841
E1842,ROL1842
E1843,ROL1843
E1844,ROL1844
E1845,ROL1845
E1846,ROL1846
E1847,ROL1847
E1848,ROL1848
E1849,ROL1849
E1850,ROL1850
E1851,ROL1851
E1852,ROL1852
E1853,ROL1853
E1854,ROL1854
E1855,ROL1855
E1856,ROL1856
E1857,ROL1857
E1858,ROL1858
E1859,ROL1859
E1860,ROL1860
E1861,ROL1861
E1862,ROL1862
E1863,ROL1863
E1864,ROL1864
E1865,ROL1865
E1866,ROL1866
E1867,ROL1867
E1868,ROL1868
E1869,ROL1869
E1870,ROL1870
E1871,ROL1871
E1872,ROL1872
E1873,ROL1873
E1874,ROL1874
E1875,ROL1875
E1876,ROL1876
E1877,ROL1877
E1878,ROL1878
E1879,ROL1879
E1880,ROL1880
E1881,ROL1881
E1882,ROL1882
E1883,ROL1883
E1884,ROL1884
E1885,ROL1885
E1886,ROL1886
E1887,ROL1887
E1888,ROL1888
E1889,ROL1889
E1890,ROL1890
E1891,ROL1891
E1892,ROL1892
E1893,ROL1893
E1894,ROL1894
E1895,ROL1895
E1896,ROL1896
E1897,ROL1897
E1898,ROL1898
E1899,ROL1899
E1900,ROL1900
E1901,ROL1901
E1902,ROL1902
E1903,ROL1903
E1904,ROL1904
E1905,ROL1905
E1906,ROL1906
E1907,ROL1907
E1908,ROL1908
E1909,ROL1909
E1910,ROL1910
E1911,ROL1911
E1912,ROL1912
E1913,ROL1913
E1914,ROL1914
E1915,ROL1915
E1916,ROL1916
E1917,ROL1917
E1918,ROL1918
E1919,ROL1919
E1920,ROL1920
E1921,ROL1921
E1922,ROL1922
E1923,ROL1923
E1924,ROL1924
E1925,ROL1925
E1926,ROL1926
E1927,ROL1927
E1928,ROL1928
E1929,ROL1929
E1930,ROL1930
E1931,ROL1931
E1932,ROL1932
E1933,ROL1933
E1934,ROL1934
E1935,ROL1935
E1936,ROL1936
E1937,ROL1937
E1938,ROL1938
E1939,ROL1939
E1940,ROL1940
E1941,ROL1941
E1942,ROL1942
E1943,ROL1943
E1944,ROL1944
E1945,ROL1945
E1946,ROL1946
E1947,ROL1947
E1948,ROL1948
E1949,ROL1949
E1950,ROL1950
E1951,ROL1951
E1952,ROL1952
E1953,ROL1953
E1954,ROL1954
E1955,ROL1955
E1956,ROL1956
E1957,ROL1957
E1958,ROL1958
E1959,ROL1959
E1960,ROL1960
E1961,ROL1961
E1962,ROL1962
E1963,ROL1963
E1964,ROL1964
E1965,ROL1965
E1966,ROL1966
E1967,ROL1967
E1968,ROL1968
E1969,ROL1969
E1970,ROL1970
E1971,ROL1971
E1972,ROL1972
E1973,ROL1973
E1974,ROL1974
E1975,ROL1975
E1976,ROL1976
E1977,ROL1977
E1978,ROL1978
E1979,ROL1979
E1980,ROL1980
E1981,ROL1981
E1982,ROL1982
E1983,ROL1983
E1984,ROL1984
E1985,ROL1985
E1986,ROL1986
E1987,ROL1987
E1988,ROL1988
E1989,ROL1989
E1990,ROL1990
E1991,ROL1991
E1992,ROL1992
E1993,ROL1993
E1994,ROL1994
E1995,ROL1995
E1996,ROL1996
E1997,ROL1997
E1998,ROL1998
E1999,ROL1999
E2000,ROL2000
E2001,ROL2001
E2002,ROL2002
E2003,ROL2003
E2004,ROL2004
E2005,ROL2005
E2006,ROL2006
E2007,ROL2007
E2008,ROL2008
E2009,ROL2009
E2010,ROL2010
E2011,ROL2011
E2012,ROL2012
E2013,ROL2013
E2014,ROL2014
E2015,ROL2015
E2016,ROL2016
E2017,ROL2017
E2018,ROL2018
E2019,ROL2019
E2020,ROL2020
E2021,ROL2021
E2022,ROL2022
E2023,ROL2023
E2024,ROL2024
E2025,ROL2025
E2026,ROL2026
E2027,ROL2027
E2028,ROL2028
E2029,ROL2029
E2030,ROL2030
E2031,ROL2031
E2032,ROL2032
E2033,ROL2033
E2034,ROL2034
E2035,ROL2035
E2036,ROL2036
E2037,ROL2037
E2038,ROL2038
E2039,ROL2039
E2040,ROL2040
E2041,ROL2041
E2042,ROL2042
E2043,ROL2043
E2044,ROL2044
E2045,ROL2045
E2046,ROL2046
E2047,ROL2047
E2048,ROL2048
E2049,ROL2049
E2050,ROL2050
E2051,ROL2051
E2052,ROL2052
E2053,ROL2053
E2054,ROL2054
E2055,ROL2055
E2056,ROL2056
E2057,ROL2057
E2058,ROL2058
E2059,ROL2059
E2060,ROL2060
E2061,ROL2061
E2062,ROL2062
E2063,ROL2063
E2064,ROL2064
E2065,ROL2065
E2066,ROL2066
E2067,ROL2067
E2068,ROL2068
E2069,ROL2069
E2070,ROL2070
E2071,ROL2071
E2072,ROL2072
E2073,ROL2073
E2074,ROL2074
E2075,ROL2075
E2076,ROL2076
E2077,ROL2077
E2078,ROL2078
E2079,ROL2079
E2080,ROL2080
E2081,ROL2081
E2082,ROL2082
E2083,ROL2083
E2084,ROL2084
E2085,ROL2085
E2086,ROL2086
E2087,ROL2087
E2088,ROL2088
E2089,ROL2089
E2090,ROL2090
E2091,ROL2091
E2092,ROL2092
E2093,ROL2093
E2094,ROL2094
E2095,ROL2095
E2096,ROL2096
E2097,ROL2097
E2098,ROL2098
E2099,ROL2099
E2100,ROL2100
E2101,ROL2101
E2102,ROL2102
E2103,ROL2103
E2104,ROL2104
E2105,ROL2105
E2106,ROL2106
E2107,ROL2107
E2108,ROL2108
E2109,ROL2109
E2110,ROL2110
E2111,ROL2111
E2112,ROL2112
E2113,ROL2113
E2114,ROL2114
E2115,ROL2115
E2116,ROL2116
E2117,ROL2117
E2118,ROL2118
E2119,ROL2119
E2120,ROL2120
E2121,ROL2121
E2122,ROL2122
E2123,ROL2123
E2124,ROL2124
E2125,ROL2125
E2126,ROL2126
E2127,ROL2127
E2128,ROL2128
E2129,ROL2129
E2130,ROL2130
E2131,ROL2131
E2132,ROL2132
E2133,ROL2133
E2134,ROL2134
E2135,ROL2135
E2136,ROL2136
E2137,ROL2137
E2138,ROL2138
E2139,ROL2139
E2140,ROL2140
E2141,ROL2141
E2142,ROL2142
E2143,ROL2143
E2144,ROL2144
E2145,ROL2145
E2146,ROL2146
E2147,ROL2147
E2148,ROL2148
E2149,ROL2149
E2150,ROL2150
E2151,ROL2151
E2152,ROL2152
E2153,ROL2153
E2154,ROL2154
E2155,ROL2155
E2156,ROL2156
E2157,ROL2157
E2158,ROL2158
E2159,ROL2159
E2160,ROL2160
E2161,ROL2161
E2162,ROL2162
E2163,ROL2163
E2164,ROL2164
E2165,ROL2165
E2166,ROL2166
E2167,ROL2167
E2168,ROL2168
E2169,ROL2169
E2170,ROL2170
E2171,ROL2171
E2172,ROL2172
E2173,ROL2173
E2174,ROL2174
E2175,ROL2175
E2176,ROL2176
E2177,ROL2177
E2178,ROL2178
E2179,ROL2179
E2180,ROL2180
E2181,ROL2181
E2182,ROL2182
E2183,ROL2183
E2184,ROL2184
E2185,ROL2185
E2186,ROL2186
E2187,ROL2187
E2188,ROL2188
E2189,ROL2189
E2190,ROL2190
E2191,ROL2191
E2192,ROL2192
E2193,ROL2193
E2194,ROL2194
E2195,ROL2195
E2196,ROL2196
E2197,ROL2197
E2198,ROL2198
E2199,ROL2199
E2200,ROL2200
E2201,ROL2201
E2202,ROL2202
E2203,ROL2203
E2204,ROL2204
E2205,ROL2205
E2206,ROL2206
E2207,ROL2207
E2208,ROL2208
E2209,ROL2209
E2210,ROL2210
E2211,ROL2211
E2212,ROL2212
E2213,ROL2213
E2214,ROL2214
E2215,ROL2215
E2216,ROL2216
E2217,ROL2217
E2218,ROL2218
E2219,ROL2219
E2220,ROL2220
E2221,ROL2221
E2222,ROL2222
E2223,ROL2223
E2224,ROL2224
E2225,ROL2225
E2226,ROL2226
E2227,ROL2227
E2228,ROL2228
E2229,ROL2229
E2230,ROL2230
E2231,ROL2231
E2232,ROL2232
E2233,ROL2233
E2234,ROL2234
E2235,ROL2235
E2236,ROL2236
E2237,ROL2237
E2238,ROL2238
E2239,ROL2239
E2240,ROL2240
E2241,ROL2241
E2242,ROL2242
E2243,ROL2243
E2244,ROL2244
E2245,ROL2245
E2246,ROL2246
E2247,ROL2247
E2248,ROL2248
E2249,ROL2249
E2250,ROL2250
E2251,ROL2251
E2252,ROL2252
E2253,ROL2253
E2254,ROL2254
E2255,ROL2255
E2256,ROL2256
E2257,ROL2257
E2258,ROL2258
E2259,ROL2259
E2260,ROL2260
E2261,ROL2261
E2262,ROL2262
E2263,ROL2263
E2264,ROL2264
E2265,ROL2265
E2266,ROL2266
E2267,ROL2267
E2268,ROL2268
E2269,ROL2269
E2270,ROL2270
E2271,ROL2271
E2272,ROL2272
E2273,ROL2273
E2274,ROL2274
E2275,ROL2275
E2276,ROL2276
E2277,ROL2277
E2278,ROL2278
E2279,ROL2279
E2280,ROL2280
E2281,ROL2281
E2282,ROL2282
E2283,ROL2283
E2284,ROL2284
E2285,ROL2285
E2286,ROL2286
E2287,ROL2287
E2288,ROL2288
E2289,ROL2289
E2290,ROL2290
E2291,ROL2291
E2292,ROL2292
E2293,ROL2293
E2294,ROL2294
E2295,ROL2295
E2296,ROL2296
E2297,ROL2297
E2298,ROL2298
E2299,ROL2299
E2300,ROL2300
E2301,ROL2301
E2302,ROL2302
E2303,ROL2303
E2304,ROL2304
E2305,ROL2305
E2306,ROL2306
E2307,ROL2307
E2308,ROL2308
E2309,ROL2309
E2310,ROL2310
E2311,ROL2311
E2312,ROL2312
E2313,ROL2313
E2314,ROL2314
E2315,ROL2315
E2316,ROL2316
E2317,ROL2317
E2318,ROL2318
E2319,ROL2319
E2320,ROL2320
E2321,ROL2321
E2322,ROL2322
E2323,ROL2323
E2324,ROL2324
E2325,ROL2325
E2326,ROL2326
E2327,ROL2327
E2328,ROL2328
E2329,ROL2329
E2330,ROL2330
E2331,ROL2331
E2332,ROL2332
E2333,ROL2333
E2334,ROL2334
E2335,ROL2335
E2336,ROL2336
E2337,ROL2337
E2338,ROL2338
E2339,ROL2339
E2340,ROL2340
E2341,ROL2341
E2342,ROL2342
E2343,ROL2343
E2344,ROL2344
E2345,ROL2345
E2346,ROL2346
E2347,ROL2347
E2348,ROL2348
E2349,ROL2349
E2350,ROL2350
E2351,ROL2351
E2352,ROL2352
E2353,ROL2353
E2354,ROL2354
E2355,ROL2355
E2356,ROL2356
E2357,ROL2357
E2358,ROL2358
E2359,ROL2359
E2360,ROL2360
E2361,ROL2361
E2362,ROL2362
E2363,ROL2363
E2364,ROL2364
E2365,ROL2365
E2366,ROL2366
E2367,ROL2367
E2368,ROL2368
E2369,ROL2369
E2370,ROL2370
E2371,ROL2371
E2372,ROL2372
E2373,ROL2373
E2374,ROL2374
E2375,ROL2375
E2376,ROL2376
E2377,ROL2377
E2378,ROL2378
E2379,ROL2379
E2380,ROL2380
E2381,ROL2381
E2382,ROL2382
E2383,ROL2383
E2384,ROL2384
E2385,ROL2385
E2386,ROL2386
E2387,ROL2387
E2388,ROL2388
E2389,ROL2389
E2390,ROL2390
E2391,ROL2391
E2392,ROL2392
E2393,ROL2393
E2394,ROL2394
E2395,ROL2395
E2396,ROL2396
E2397,ROL2397
E2398,ROL2398
E2399,ROL2399
E2400,ROL2400
E2401,ROL2401
E2402,ROL2402
E2403,ROL2403
E2404,ROL2404
E2405,ROL2405
E2406,ROL2406
E2407,ROL2407
E2408,ROL2408
E2409,ROL2409
E2410,ROL2410
E2411,ROL2411
E2412,ROL2412
E2413,ROL2413
E2414,ROL2414
E2415,ROL2415
E2416,ROL2416
E2417,ROL2417
E2418,ROL2418
E2419,ROL2419
E2420,ROL2420
E2421,ROL2421
E2422,ROL2422
E2423,ROL2423
E2424,ROL2424
E2425,ROL2425
E2426,ROL2426
E2427,ROL2427
E2428,ROL2428
E2429,ROL2429
E2430,ROL2430
E2431,ROL2431
E2432,ROL2432
E2433,ROL2433
E2434,ROL2434
E2435,ROL2435
E2436,ROL2436
E2437,ROL2437
E2438,ROL2438
E2439,ROL2439
E2440,ROL2440
E2441,ROL2441
E2442,ROL2442
E2443,ROL2443
E2444,ROL2444
E2445,ROL2445
E2446,ROL2446
E2447,ROL2447
E2448,ROL2448
E2449,ROL2449
E2450,ROL2450
E2451,ROL2451
E2452,ROL2452
E2453,ROL2453
E2454,ROL2454
E2455,ROL2455
E2456,ROL2456
E2457,ROL2457
E2458,ROL2458
E2459,ROL2459
E2460,ROL2460
E2461,ROL2461
E2462,ROL2462
E2463,ROL2463
E2464,ROL2464
E2465,ROL2465
E2466,ROL2466
E2467,ROL2467
E2468,ROL2468
E2469,ROL2469
E2470,ROL2470
E2471,ROL2471
E2472,ROL2472
E2473,ROL2473
E2474,ROL2474
E2475,ROL2475
E2476,ROL2476
E2477,ROL2477
E2478,ROL2478
E2479,ROL2479
E2480,ROL2480
E2481,ROL2481
E2482,ROL2482
E2483,ROL2483
E2484,ROL2484
E2485,ROL2485
E2486,ROL2486
E2487,ROL2487
E2488,ROL2488
E2489,ROL2489
E2490,ROL2490
E2491,ROL2491
E2492,ROL2492
E2493,ROL2493
E2494,ROL2494
E2495,ROL2495
E2496,ROL2496
E2497,ROL2497
E2498,ROL2498
E2499,ROL2499
E2500,ROL2500
E2501,ROL2501
E2502,ROL2502
E2503,ROL2503
E2504,ROL2504
E2505,ROL2505
E2506,ROL2506
E2507,ROL2507
E2508,ROL2508
E2509,ROL2509
E2510,ROL2510
E2511,ROL2511
E2512,ROL2512
E2513,ROL2513
E2514,ROL2514
E2515,ROL2515
E2516,ROL2516
E2517,ROL2517
E2518,ROL2518
E2519,ROL2519
E2520,ROL2520
E2521,ROL2521
E2522,ROL2522
E2523,ROL2523
E2524,ROL2524
E2525,ROL2525
E2526,ROL2526
E2527,ROL2527
E2528,ROL2528
E2529,ROL2529
E2530,ROL2530
E2531,ROL2531
E2532,ROL2532
E2533,ROL2533
E2534,ROL2534
E2535,ROL2535
E2536,ROL2536
E2537,ROL2537
E2538,ROL2538
E2539,ROL2539
E2540,ROL2540
E2541,ROL2541
E2542,ROL2542
E2543,ROL2543
E2544,ROL2544
E2545,ROL2545
E2546,ROL2546
E2547,ROL2547
E2548,ROL2548
E2549,ROL2549
E2550,ROL2550
E2551,ROL2551
E2552,ROL2552
E2553,ROL2553
E2554,ROL2554
E2555,ROL2555
E2556,ROL2556
E2557,ROL2557
E2558,ROL2558
E2559,ROL2559
E2560,ROL2560
E2561,ROL2561
E2562,ROL2562
E2563,ROL2563
E2564,ROL2564
E2565,ROL2565
E2566,ROL2566
E2567,ROL2567
E2568,ROL2568
E2569,ROL2569
E2570,ROL2570
E2571,ROL2571
E2572,ROL2572
E2573,ROL2573
E2574,ROL2574
E2575,ROL2575
E2576,ROL2576
E2577,ROL2577
E2578,ROL2578
E2579,ROL2579
E2580,ROL2580
E2581,ROL2581
E2582,ROL2582
E2583,ROL2583
E2584,ROL2584
E2585,ROL2585
E2586,ROL2586
E2587,ROL2587
E2588,ROL2588
E2589,ROL2589
E2590,ROL2590
E2591,ROL2591
E2592,ROL2592
E2593,ROL2593
E2594,ROL2594
E2595,ROL2595
E2596,ROL2596
E2597,ROL2597
E2598,ROL2598
E2599,ROL2599
E2600,ROL2600
E2601,ROL2601
E2602,ROL2602
E2603,ROL2603
E2604,ROL2604
E2605,ROL2605
E2606,ROL2606
E2607,ROL2607
E2608,ROL2608
E2609,ROL2609
E2610,ROL2610
E2611,ROL2611
E2612,ROL2612
E2613,ROL2613
E2614,ROL2614
E2615,ROL2615
E2616,ROL2616
E2617,ROL2617
E2618,ROL2618
E2619,ROL2619
E2620,ROL2620
E2621,ROL2621
E2622,ROL2622
E2623,ROL2623
E2624,ROL2624
E2625,ROL2625
E2626,ROL2626
E2627,ROL2627
E2628,ROL2628
E2629,ROL2629
E2630,ROL2630
E2631,ROL2631
E2632,ROL2632
E2633,ROL2633
E2634,ROL2634
E2635,ROL2635
E2636,ROL2636
E2637,ROL2637
E2638,ROL2638
E2639,ROL2639
E2640,ROL2640
E2641,ROL2641
E2642,ROL2642
E2643,ROL2643
E2644,ROL2644
E2645,ROL2645
E2646,ROL2646
E2647,ROL2647
E2648,ROL2648
E2649,ROL2649
E2650,ROL2650
E2651,ROL2651
E2652,ROL2652
E2653,ROL2653
E2654,ROL2654
E2655,ROL2655
E2656,ROL2656
E2657,ROL2657
E2658,ROL2658
E2659,ROL2659
E2660,ROL2660
E2661,ROL2661
E2662,ROL2662
E2663,ROL2663
E2664,ROL2664
E2665,ROL2665
E2666,ROL2666
E2667,ROL2667
E2668,ROL2668
E2669,ROL2669
E2670,ROL2670
E2671,ROL2671
E2672,ROL2672
E2673,ROL2673
E2674,ROL2674
E2675,ROL2675
E2676,ROL2676
E2677,ROL2677
E2678,ROL2678
E2679,ROL2679
E2680,ROL2680
E2681,ROL2681
E2682,ROL2682
E2683,ROL2683
E2684,ROL2684
E2685,ROL2685
E2686,ROL2686
E2687,ROL2687
E2688,ROL2688
E2689,ROL2689
E2690,ROL2690
E2691,ROL2691
E2692,ROL2692
E2693,ROL2693
E2694,ROL2694
E2695,ROL2695
E2696,ROL2696
E2697,ROL2697
E2698,ROL2698
E2699,ROL2699
E2700,ROL2700
E2701,ROL2701
E2702,ROL2702
E2703,ROL2703
E2704,ROL2704
E2705,ROL2705
E2706,ROL2706
E2707,ROL2707
E2708,ROL2708
E2709,ROL2709
E2710,ROL2710
E2711,ROL2711
E2712,ROL2712
E2713,ROL2713
E2714,ROL2714
E2715,ROL2715
E2716,ROL2716
E2717,ROL2717
E2718,ROL2718
E2719,ROL2719
E2720,ROL2720
E2721,ROL2721
E2722,ROL2722
E2723,ROL2723
E2724,ROL2724
E2725,ROL2725
E2726,ROL2726
E2727,ROL2727
E2728,ROL2728
E2729,ROL2729
E2730,ROL2730
E2731,ROL2731
E2732,ROL2732
E2733,ROL2733
E2734,ROL2734
E2735,ROL2735
E2736,ROL2736
E2737,ROL2737
E2738,ROL2738
E2739,ROL2739
E2740,ROL2740
E2741,ROL2741
E2742,ROL2742
E2743,ROL2743
E2744,ROL2744
E2745,ROL2745
E2746,ROL2746
E2747,ROL2747
E2748,ROL2748
E2749,ROL2749
E2750,ROL2750
E2751,ROL2751
E2752,ROL2752
E2753,ROL2753
E2754,ROL2754
E2755,ROL2755
E2756,ROL2756
E2757,ROL2757
E2758,ROL2758
E2759,ROL2759
E2760,ROL2760
E2761,ROL2761
E2762,ROL2762
E2763,ROL2763
E2764,ROL2764
E2765,ROL2765
E2766,ROL2766
E2767,ROL2767
E2768,ROL2768
E2769,ROL2769
E2770,ROL2770
E2771,ROL2771
E2772,ROL2772
E2773,ROL2773
E2774,ROL2774
E2775,ROL2775
E2776,ROL2776
E2777,ROL2777
E2778,ROL2778
E2779,ROL2779
E2780,ROL2780
E2781,ROL2781
E2782,ROL2782
E2783,ROL2783
E2784,ROL2784
E2785,ROL2785
E2786,ROL2786
E2787,ROL2787
E2788,ROL2788
E2789,ROL2789
E2790,ROL2790
E2791,ROL2791
E2792,ROL2792
E2793,ROL2793
E2794,ROL2794
E2795,ROL2795
E2796,ROL2796
E2797,ROL2797
E2798,ROL2798
E2799,ROL2799
E2800,ROL2800
E2801,ROL2801
E2802,ROL2802
E2803,ROL2803
E2804,ROL2804
E2805,ROL2805
E2806,ROL2806
E2807,ROL2807
E2808,ROL2808
E2809,ROL2809
E2810,ROL2810
E2811,ROL2811
E2812,ROL2812
E2813,ROL2813
E2814,ROL2814
E2815,ROL2815
E2816,ROL2816
E2817,ROL2817
E2818,ROL2818
E2819,ROL2819
E2820,ROL2820
E2821,ROL2821
E2822,ROL2822
E2823,ROL2823
E2824,ROL2824
E2825,ROL2825
E2826,ROL2826
E2827,ROL2827
E2828,ROL2828
E2829,ROL2829
E2830,ROL2830
E2831,ROL2831
E2832,ROL2832
E2833,ROL2833
E2834,ROL2834
E2835,ROL2835
E2836,ROL2836
E2837,ROL2837
E2838,ROL2838
E2839,ROL2839
E2840,ROL2840
E2841,ROL2841
E2842,ROL2842
E2843,ROL2843
E2844,ROL2844
E2845,ROL2845
E2846,ROL2846
E2847,ROL2847
E2848,ROL2848
E2849,ROL2849
E2850,ROL2850
E2851,ROL2851
E2852,ROL2852
E2853,ROL2853
E2854,ROL2854
E2855,ROL2855
E2856,ROL2856
E2857,ROL2857
E2858,ROL2858
E2859,ROL2859
E2860,ROL2860
E2861,ROL2861
E2862,ROL2862
E2863,ROL2863
E2864,ROL2864
E2865,ROL2865
E2866,ROL2866
E2867,ROL2867
E2868,ROL2868
E2869,ROL2869
E2870,ROL2870
E2871,ROL2871
E2872,ROL2872
E2873,ROL2873
E2874,ROL2874
E2875,ROL2875
E2876,ROL2876
E2877,ROL2877
E2878,ROL2878
E2879,ROL2879
E2880,ROL2880
E2881,ROL2881
E2882,ROL2882
E2883,ROL2883
E2884,ROL2884
E2885,ROL2885
E2886,ROL2886
E2887,ROL2887
E2888,ROL2888
E2889,ROL2889
E2890,ROL2890
E2891,ROL2891
E2892,ROL2892
E2893,ROL2893
E2894,ROL2894
E2895,ROL2895
E2896,ROL2896
E2897,ROL2897
E2898,ROL2898
E2899,ROL2899
E2900,ROL2900
E2901,ROL2901
E2902,ROL2902
E2903,ROL2903
E2904,ROL2904
E2905,ROL2905
E2906,ROL2906
E2907,ROL2907
E2908,ROL2908
E2909,ROL2909
E2910,ROL2910
E2911,ROL2911
E2912,ROL2912
E2913,ROL2913
E2914,ROL2914
E2915,ROL2915
E2916,ROL2916
E2917,ROL2917
E2918,ROL2918
E2919,ROL2919
E2920,ROL2920
E2921,ROL2921
E2922,ROL2922
E2923,ROL2923
E2924,ROL2924
E2925,ROL2925
E2926,ROL2926
E2927,ROL2927
E2928,ROL2928
E2929,ROL2929
E2930,ROL2930
E2931,ROL2931
E2932,ROL2932
E2933,ROL2933
E2934,ROL2934
E2935,ROL2935
E2936,ROL2936
E2937,ROL2937
E2938,ROL2938
E2939,ROL2939
E2940,ROL2940
E2941,ROL2941
E2942,ROL2942
E2943,ROL2943
E2944,ROL2944
E2945,ROL2945
E2946,ROL2946
E2947,ROL2947
E2948,ROL2948
E2949,ROL2949
E2950,ROL2950
E2951,ROL2951
E2952,ROL2952
E2953,ROL2953
E2954,ROL2954
E2955,ROL2955
E2956,ROL2956
E2957,ROL2957
E2958,ROL2958
E2959,ROL2959
E2960,ROL2960
E2961,ROL2961
E2962,ROL2962
E2963,ROL2963
E2964,ROL2964
E2965,ROL2965
E2966,ROL2966
E2967,ROL2967
E2968,ROL2968
E2969,ROL2969
E2970,ROL2970
E2971,ROL2971
E2972,ROL2972
E2973,ROL2973
E2974,ROL2974
E2975,ROL2975
E2976,ROL2976
E2977,ROL2977
E2978,ROL2978
E2979,ROL2979
E2980,ROL2980
E2981,ROL2981
E2982,ROL2982
E2983,ROL2983
E2984,ROL2984
E2985,ROL2985
E2986,ROL2986
E2987,ROL2987
E2988,ROL2988
E2989,ROL2989
E2990,ROL2990
E2991,ROL2991
E2992,ROL2992
E2993,ROL2993
E2994,ROL2994
E2995,ROL2995
E2996,ROL2996
E2997,ROL2997
E2998,ROL2998
E2999,ROL2999
E3000,ROL3000
E3001,ROL3001
E3002,ROL3002
E3003,ROL3003
E3004,ROL3004
E3005,ROL3005
E3006,ROL3006
E3007,ROL3007
E3008,ROL3008
E3009,ROL3009
E3010,ROL3010
E3011,ROL3011
E3012,ROL3012
E3013,ROL3013
E3014,ROL3014
E3015,ROL3015
E3016,ROL3016
E3017,ROL3017
E3018,ROL3018
E3019,ROL3019
E3020,ROL3020
E3021,ROL3021
E3022,ROL3022
E3023,ROL3023
E3024,ROL3024
E3025,ROL3025
E3026,ROL3026
E3027,ROL3027
E3028,ROL3028
E3029,ROL3029
E3030,ROL3030
E3031,ROL3031
E3032,ROL3032
E3033,ROL3033
E3034,ROL3034
E3035,ROL3035
E3036,ROL3036
E3037,ROL3037
E3038,ROL3038
E3039,ROL3039
E3040,ROL3040
E3041,ROL3041
E3042,ROL3042
E3043,ROL3043
E3044,ROL3044
E3045,ROL3045
E3046,ROL3046
E3047,ROL3047
E3048,ROL3048
E3049,ROL3049
E3050,ROL3050
E3051,ROL3051
E3052,ROL3052
E3053,ROL3053
E3054,ROL3054
E3055,ROL3055
E3056,ROL3056
E3057,ROL3057
E3058,ROL3058
E3059,ROL3059
E3060,ROL3060
E3061,ROL3061
E3062,ROL3062
E3063,ROL3063
E3064,ROL3064
E3065,ROL3065
E3066,ROL3066
E3067,ROL3067
E3068,ROL3068
E3069,ROL3069
E3070,ROL3070
E3071,ROL3071
E3072,ROL3072
E3073,ROL3073
E3074,ROL3074
E3075,ROL3075
E3076,ROL3076
E3077,ROL3077
E3078,ROL3078
E3079,ROL3079
E3080,ROL3080
E3081,ROL3081
E3082,ROL3082
E3083,ROL3083
E3084,ROL3084
E3085,ROL3085
E3086,ROL3086
E3087,ROL3087
E3088,ROL3088
E3089,ROL3089
E3090,ROL3090
E3091,ROL3091
E3092,ROL3092
E3093,ROL3093
E3094,ROL3094
E3095,ROL3095
E3096,ROL3096
E3097,ROL3097
E3098,ROL3098
E3099,ROL3099
E3100,ROL3100
E3101,ROL3101
E3102,ROL3102
E3103,ROL3103
E3104,ROL3104
E3105,ROL3105
E3106,ROL3106
E3107,ROL3107
E3108,ROL3108
E3109,ROL3109
E3110,ROL3110
E3111,ROL3111
E3112,ROL3112
E3113,ROL3113
E3114,ROL3114
E3115,ROL3115
E3116,ROL3116
E3117,ROL3117
E3118,ROL3118
E3119,ROL3119
E3120,ROL3120
E3121,ROL3121
E3122,ROL3122
E3123,ROL3123
E3124,ROL3124
E3125,ROL3125
E3126,ROL3126
E3127,ROL3127
E3128,ROL3128
E3129,ROL3129
E3130,ROL3130
E3131,ROL3131
E3132,ROL3132
E3133,ROL3133
E3134,ROL3134
E3135,ROL3135
E3136,ROL3136
E3137,ROL3137
E3138,ROL3138
E3139,ROL3139
E3140,ROL3140
E3141,ROL3141
E3142,ROL3142
E3143,ROL3143
E3144,ROL3144
E3145,ROL3145
E3146,ROL3146
E3147,ROL3147
E3148,ROL3148
E3149,ROL3149
E3150,ROL3150
E3151,ROL3151
E3152,ROL3152
E3153,ROL3153
E3154,ROL3154
E3155,ROL3155
E3156,ROL3156
E3157,ROL3157
E3158,ROL3158
E3159,ROL3159
E3160,ROL3160
E3161,ROL3161
E3162,ROL3162
E3163,ROL3163
E3164,ROL3164
E3165,ROL3165
E3166,ROL3166
E3167,ROL3167
E3168,ROL3168
E3169,ROL3169
E3170,ROL3170
E3171,ROL3171
E3172,ROL3172
E3173,ROL3173
E3174,ROL3174
E3175,ROL3175
E3176,ROL3176
E3177,ROL3177
E3178,ROL3178
E3179,ROL3179
E3180,ROL3180
E3181,ROL3181
E3182,ROL3182
E3183,ROL3183
E3184,ROL3184
E3185,ROL3185
E3186,ROL3186
E3187,ROL3187
E3188,ROL3188
E3189,ROL3189
E3190,ROL3190
E3191,ROL3191
E3192,ROL3192
E3193,ROL3193
E3194,ROL3194
E3195,ROL3195
E3196,ROL3196
E3197,ROL3197
E3198,ROL3198
E3199,ROL3199
E3200,ROL3200
E3201,ROL3201
E3202,ROL3202
E3203,ROL3203
E3204,ROL3204
E3205,ROL3205
E3206,ROL3206
E3207,ROL3207
E3208,ROL3208
E3209,ROL3209
E3210,ROL3210
E3211,ROL3211
E3212,ROL3212
E3213,ROL3213
E3214,ROL3214
E3215,ROL3215
E3216,ROL3216
E3217,ROL3217
E3218,ROL3218
E3219,ROL3219
E3220,ROL3220
E3221,ROL3221
E3222,ROL3222
E3223,ROL3223
E3224,ROL3224
E3225,ROL3225
E3226,ROL3226
E3227,ROL3227
E3228,ROL3228
E3229,ROL3229
E3230,ROL3230
E3231,ROL3231
E3232,ROL3232
E3233,ROL3233
E3234,ROL3234
E3235,ROL3235
E3236,ROL3236
E3237,ROL3237
E3238,ROL3238
E3239,ROL3239
E3240,ROL3240
E3241,ROL3241
E3242,ROL3242
E3243,ROL3243
E3244,ROL3244
E3245,ROL3245
E3246,ROL3246
E3247,ROL3247
E3248,ROL3248
E3249,ROL3249
E3250,ROL3250
E3251,ROL3251
E3252,ROL3252
E3253,ROL3253
E3254,ROL3254
E3255,ROL3255
E3256,ROL3256
E3257,ROL3257
E3258,ROL3258
E3259,ROL3259
E3260,ROL3260
E3261,ROL3261
E3262,ROL3262
E3263,ROL3263
E3264,ROL3264
E3265,ROL3265
E3266,ROL3266
E3267,ROL3267
E3268,ROL3268
E3269,ROL3269
E3270,ROL3270
E3271,ROL3271
E3272,ROL3272
E3273,ROL3273
E3274,ROL3274
E3275,ROL3275
E3276,ROL3276
E3277,ROL3277
E3278,ROL3278
E3279,ROL3279
E3280,ROL3280
E3281,ROL3281
E3282,ROL3282
E3283,ROL3283
E3284,ROL3284
E3285,ROL3285
E3286,ROL3286
E3287,ROL3287
E3288,ROL3288
E3289,ROL3289
E3290,ROL3290
E3291,ROL3291
E3292,ROL3292
E3293,ROL3293
E3294,ROL3294
E3295,ROL3295
E3296,ROL3296
E3297,ROL3297
E3298,ROL3298
E3299,ROL3299
E3300,ROL3300
E3301,ROL3301
E3302,ROL3302
E3303,ROL3303
E3304,ROL3304
E3305,ROL3305
E3306,ROL3306
E3307,ROL3307
E3308,ROL3308
E3309,ROL3309
E3310,ROL3310
E3311,ROL3311
E3312,ROL3312
E3313,ROL3313
E3314,ROL3314
E3315,ROL3315
E3316,ROL3316
E3317,ROL3317
E3318,ROL3318
E3319,ROL3319
E3320,ROL3320
E3321,ROL3321
E3322,ROL3322
E3323,ROL3323
E3324,ROL3324
E3325,ROL3325
E3326,ROL3326
E3327,ROL3327
E3328,ROL3328
E3329,ROL3329
E3330,ROL3330
E3331,ROL3331
E3332,ROL3332
E3333,ROL3333
E3334,ROL3334
E3335,ROL3335
E3336,ROL3336
E3337,ROL3337
E3338,ROL3338
E3339,ROL3339
E3340,ROL3340
E3341,ROL3341
E3342,ROL3342
E3343,ROL3343
E3344,ROL3344
E3345,ROL3345
E3346,ROL3346
E3347,ROL3347
E3348,ROL3348
E3349,ROL3349
E3350,ROL3350
E3351,ROL3351
E3352,ROL3352
E3353,ROL3353
E3354,ROL3354
E3355,ROL3355
E3356,ROL3356
E3357,ROL3357
E3358,ROL3358
E3359,ROL3359
E3360,ROL3360
E3361,ROL3361
E3362,ROL3362
E3363,ROL3363
E3364,ROL3364
E3365,ROL3365
E3366,ROL3366
E3367,ROL3367
E3368,ROL3368
E3369,ROL3369
E3370,ROL3370
E3371,ROL3371
E3372,ROL3372
E3373,ROL3373
E3374,ROL3374
E3375,ROL3375
E3376,ROL3376
E3377,ROL3377
E3378,ROL3378
E3379,ROL3379
E3380,ROL3380
E3381,ROL3381
E3382,ROL3382
E3383,ROL3383
E3384,ROL3384
E3385,ROL3385
E3386,ROL3386
E3387,ROL3387
E3388,ROL3388
E3389,ROL3389
E3390,ROL3390
E3391,ROL3391
E3392,ROL3392
E3393,ROL3393
E3394,ROL3394
E3395,ROL3395
E3396,ROL3396
E3397,ROL3397
E3398,ROL3398
E3399,ROL3399
E3400,ROL3400
E3401,ROL3401
E3402,ROL3402
E3403,ROL3403
E3404,ROL3404
E3405,ROL3405
E3406,ROL3406
E3407,ROL3407
E3408,ROL3408
E3409,ROL3409
E3410,ROL3410
E3411,ROL3411
E3412,ROL3412
E3413,ROL3413
E3414,ROL3414
E3415,ROL3415
E3416,ROL3416
E3417,ROL3417
E3418,ROL3418
E3419,ROL3419
E3420,ROL3420
E3421,ROL3421
E3422,ROL3422
E3423,ROL3423
E3424,ROL3424
E3425,ROL3425
E3426,ROL3426
E3427,ROL3427
E3428,ROL3428
E3429,ROL3429
E3430,ROL3430
E3431,ROL3431
E3432,ROL3432
E3433,ROL3433
E3434,ROL3434
E3435,ROL3435
E3436,ROL3436
E3437,ROL3437
E3438,ROL3438
E3439,ROL3439
E3440,ROL3440
E3441,ROL3441
E3442,ROL3442
E3443,ROL3443
E3444,ROL3444
E3445,ROL3445
E3446,ROL3446
E3447,ROL3447
E3448,ROL3448
E3449,ROL3449
E3450,ROL3450
E3451,ROL3451
E3452,ROL3452
E3453,ROL3453
E3454,ROL3454
E3455,ROL3455
E3456,ROL3456
E3457,ROL3457
E3458,ROL3458
E3459,ROL3459
E3460,ROL3460
E3461,ROL3461
E3462,ROL3462
E3463,ROL3463
E3464,ROL3464
E3465,ROL3465
E3466,ROL3466
E3467,ROL3467
E3468,ROL3468
E3469,ROL3469
E3470,ROL3470
E3471,ROL3471
E3472,ROL3472
E3473,ROL3473
E3474,ROL3474
E3475,ROL3475
E3476,ROL3476
E3477,ROL3477
E3478,ROL3478
E3479,ROL3479
E3480,ROL3480
E3481,ROL3481
E3482,ROL3482
E3483,ROL3483
E3484,ROL3484
E3485,ROL3485
E3486,ROL3486
E3487,ROL3487
E3488,ROL3488
E3489,ROL3489
E3490,ROL3490
E3491,ROL3491
E3492,ROL3492
E3493,ROL3493
E3494,ROL3494
E3495,ROL3495
E3496,ROL3496
E3497,ROL3497
E3498,ROL3498
E3499,ROL3499
E3500,ROL3500
E3501,ROL3501
E3502,ROL3502
E3503,ROL3503
E3504,ROL3504
E3505,ROL3505
E3506,ROL3506
E3507,ROL3507
E3508,ROL3508
E3509,ROL3509
E3510,ROL3510
E3511,ROL3511
E3512,ROL3512
E3513,ROL3513
E3514,ROL3514
E3515,ROL3515
E3516,ROL3516
E3517,ROL3517
E3518,ROL3518
E3519,ROL3519
E3520,ROL3520
E3521,ROL3521
E3522,ROL3522
E3523,ROL3523
E3524,ROL3524
E3525,ROL3525
E3526,ROL3526
E3527,ROL3527
E3528,ROL3528
E3529,ROL3529
E3530,ROL3530
E3531,ROL3531
E3532,ROL3532
E3533,ROL3533
E3534,ROL3534
E3535,ROL3535
E3536,ROL3536
E3537,ROL3537
E3538,ROL3538
E3539,ROL3539
E3540,ROL3540
E3541,ROL3541
E3542,ROL3542
E3543,ROL3543
E3544,ROL3544
E3545,ROL3545
E3546,ROL3546
E3547,ROL3547
E3548,ROL3548
E3549,ROL3549
E3550,ROL3550
E3551,ROL3551
E3552,ROL3552
E3553,ROL3553
E3554,ROL3554
E3555,ROL3555
E3556,ROL3556
E3557,ROL3557
E3558,ROL3558
E3559,ROL3559
E3560,ROL3560
E3561,ROL3561
E3562,ROL3562
E3563,ROL3563
E3564,ROL3564
E3565,ROL3565
E3566,ROL3566
E3567,ROL3567
E3568,ROL3568
E3569,ROL3569
E3570,ROL3570
E3571,ROL3571
E3572,ROL3572
E3573,ROL3573
E3574,ROL3574
E3575,ROL3575
E3576,ROL3576
E3577,ROL3577
E3578,ROL3578
E3579,ROL3579
E3580,ROL3580
E3581,ROL3581
E3582,ROL3582
E3583,ROL3583
E3584,ROL3584
E3585,ROL3585
E3586,ROL3586
E3587,ROL3587
E3588,ROL3588
E3589,ROL3589
E3590,ROL3590
E3591,ROL3591
E3592,ROL3592
E3593,ROL3593
E3594,ROL3594
E3595,ROL3595
E3596,ROL3596
E3597,ROL3597
E3598,ROL3598
E3599,ROL3599
E3600,ROL3600
E3601,ROL3601
E3602,ROL3602
E3603,ROL3603
E3604,ROL3604
E3605,ROL3605
E3606,ROL3606
E3607,ROL3607
E3608,ROL3608
E3609,ROL3609
E3610,ROL3610
E3611,ROL3611
E3612,ROL3612
E3613,ROL3613
E3614,ROL3614
E3615,ROL3615
E3616,ROL3616
E3617,ROL3617
E3618,ROL3618
E3619,ROL3619
E3620,ROL3620
E3621,ROL3621
E3622,ROL3622
E3623,ROL3623
E3624,ROL3624
E3625,ROL3625
E3626,ROL3626
E3627,ROL3627
E3628,ROL3628
E3629,ROL3629
E3630,ROL3630
E3631,ROL3631
E3632,ROL3632
E3633,ROL3633
E3634,ROL3634
E3635,ROL3635
E3636,ROL3636
E3637,ROL3637
E3638,ROL3638
E3639,ROL3639
E3640,ROL3640
E3641,ROL3641
E3642,ROL3642
E3643,ROL3643
E3644,ROL3644
E3645,ROL3645
E3646,ROL3646
E3647,ROL3647
E3648,ROL3648
E3649,ROL3649
E3650,ROL3650
E3651,ROL3651
E3652,ROL3652
E3653,ROL3653
E3654,ROL3654
E3655,ROL3655
E3656,ROL3656
E3657,ROL3657
E3658,ROL3658
E3659,ROL3659
E3660,ROL3660
E3661,ROL3661
E3662,ROL3662
E3663,ROL3663
E3664,ROL3664
E3665,ROL3665
E3666,ROL3666
E3667,ROL3667
E3668,ROL3668
E3669,ROL3669
E3670,ROL3670
E3671,ROL3671
E3672,ROL3672
E3673,ROL3673
E3674,ROL3674
E3675,ROL3675
E3676,ROL3676
E3677,ROL3677
E3678,ROL3678
E3679,ROL3679
E3680,ROL3680
E3681,ROL3681
E3682,ROL3682
E3683,ROL3683
E3684,ROL3684
E3685,ROL3685
E3686,ROL3686
E3687,ROL3687
E3688,ROL3688
E3689,ROL3689
E3690,ROL3690
E3691,ROL3691
E3692,ROL3692
E3693,ROL3693
E3694,ROL3694
E3695,ROL3695
E3696,ROL3696
E3697,ROL3697
E3698,ROL3698
E3699,ROL3699
E3700,ROL3700
E3701,ROL3701
E3702,ROL3702
E3703,ROL3703
E3704,ROL3704
E3705,ROL3705
E3706,ROL3706
E3707,ROL3707
E3708,ROL3708
E3709,ROL3709
E3710,ROL3710
E3711,ROL3711
E3712,ROL3712
E3713,ROL3713
E3714,ROL3714
E3715,ROL3715
E3716,ROL3716
E3717,ROL3717
E3718,ROL3718
E3719,ROL3719
E3720,ROL3720
E3721,ROL3721
E3722,ROL3722
E3723,ROL3723
E3724,ROL3724
E3725,ROL3725
E3726,ROL3726
E3727,ROL3727
E3728,ROL3728
E3729,ROL3729
E3730,ROL3730
E3731,ROL3731
E3732,ROL3732
E3733,ROL3733
E3734,ROL3734
E3735,ROL3735
E3736,ROL3736
E3737,ROL3737
E3738,ROL3738
E3739,ROL3739
E3740,ROL3740
E3741,ROL3741
E3742,ROL3742
E3743,ROL3743
E3744,ROL3744
E3745,ROL3745
E3746,ROL3746
E3747,ROL3747
E3748,ROL3748
E3749,ROL3749
E3750,ROL3750
E3751,ROL3751
E3752,ROL3752
E3753,ROL3753
E3754,ROL3754
E3755,ROL3755
E3756,ROL3756
E3757,ROL3757
E3758,ROL3758
E3759,ROL3759
E3760,ROL3760
E3761,ROL3761
E3762,ROL3762
E3763,ROL3763
E3764,ROL3764
E3765,ROL3765
E3766,ROL3766
E3767,ROL3767
E3768,ROL3768
E3769,ROL3769
E3770,ROL3770
E3771,ROL3771
E3772,ROL3772
E3773,ROL3773
E3774,ROL3774
E3775,ROL3775
E3776,ROL3776
E3777,ROL3777
E3778,ROL3778
E3779,ROL3779
E3780,ROL3780
E3781,ROL3781
E3782,ROL3782
E3783,ROL3783
E3784,ROL3784
E3785,ROL3785
E3786,ROL3786
E3787,ROL3787
E3788,ROL3788
E3789,ROL3789
E3790,ROL3790
E3791,ROL3791
E3792,ROL3792
E3793,ROL3793
E3794,ROL3794
E3795,ROL3795
E3796,ROL3796
E3797,ROL3797
E3798,ROL3798
E3799,ROL3799
E3800,ROL3800
E3801,ROL3801
E3802,ROL3802
E3803,ROL3803
E3804,ROL3804
E3805,ROL3805
E3806,ROL3806
E3807,ROL3807
E3808,ROL3808
E3809,ROL3809
E3810,ROL3810
E3811,ROL3811
E3812,ROL3812
E3813,ROL3813
E3814,ROL3814
E3815,ROL3815
E3816,ROL3816
E3817,ROL3817
E3818,ROL3818
E3819,ROL3819
E3820,ROL3820
E3821,ROL3821
E3822,ROL3822
E3823,ROL3823
E3824,ROL3824
E3825,ROL3825
E3826,ROL3826
E3827,ROL3827
E3828,ROL3828
E3829,ROL3829
E3830,ROL3830
E3831,ROL3831
E3832,ROL3832
E3833,ROL3833
E3834,ROL3834
E3835,ROL3835
E3836,ROL3836
E3837,ROL3837
E3838,ROL3838
E3839,ROL3839
E3840,ROL3840
E3841,ROL3841
E3842,ROL3842
E3843,ROL3843
E3844,ROL3844
E3845,ROL3845
E3846,ROL3846
E3847,ROL3847
E3848,ROL3848
E3849,ROL3849
E3850,ROL3850
E3851,ROL3851
E3852,ROL3852
E3853,ROL3853
E3854,ROL3854
E3855,ROL3855
E3856,ROL3856
E3857,ROL3857
E3858,ROL3858
E3859,ROL3859
E3860,ROL3860
E3861,ROL3861
E3862,ROL3862
E3863,ROL3863
E3864,ROL3864
E3865,ROL3865
E3866,ROL3866
E3867,ROL3867
E3868,ROL3868
E3869,ROL3869
E3870,ROL3870
E3871,ROL3871
E3872,ROL3872
E3873,ROL3873
E3874,ROL3874
E3875,ROL3875
E3876,ROL3876
E3877,ROL3877
E3878,ROL3878
E3879,ROL3879
E3880,ROL3880
E3881,ROL3881
E3882,ROL3882
E3883,ROL3883
E3884,ROL3884
E3885,ROL3885
E3886,ROL3886
E3887,ROL3887
E3888,ROL3888
E3889,ROL3889
E3890,ROL3890
E3891,ROL3891
E3892,ROL3892
E3893,ROL3893
E3894,ROL3894
E3895,ROL3895
E3896,ROL3896
E3897,ROL3897
E3898,ROL3898
E3899,ROL3899
E3900,ROL3900
E3901,ROL3901
E3902,ROL3902
E3903,ROL3903
E3904,ROL3904
E3905,ROL3905
E3906,ROL3906
E3907,ROL3907
E3908,ROL3908
E3909,ROL3909
E3910,ROL3910
E3911,ROL3911
E3912,ROL3912
E3913,ROL3913
E3914,ROL3914
E3915,ROL3915
E3916,ROL3916
E3917,ROL3917
E3918,ROL3918
E3919,ROL3919
E3920,ROL3920
E3921,ROL3921
E3922,ROL3922
E3923,ROL3923
E3924,ROL3924
E3925,ROL3925
E3926,ROL3926
E3927,ROL3927
E3928,ROL3928
E3929,ROL3929
E3930,ROL3930
E3931,ROL3931
E3932,ROL3932
E3933,ROL3933
E3934,ROL3934
E3935,ROL3935
E3936,ROL3936
E3937,ROL3937
E3938,ROL3938
E3939,ROL3939
E3940,ROL3940
E3941,ROL3941
E3942,ROL3942
E3943,ROL3943
E3944,ROL3944
E3945,ROL3945
E3946,ROL3946
E3947,ROL3947
E3948,ROL3948
E3949,ROL3949
E3950,ROL3950
E3951,ROL3951
E3952,ROL3952
E3953,ROL3953
E3954,ROL3954
E3955,ROL3955
E3956,ROL3956
E3957,ROL3957
E3958,ROL3958
E3959,ROL3959
E3960,ROL3960
E3961,ROL3961
E3962,ROL3962
E3963,ROL3963
E3964,ROL3964
E3965,ROL3965
E3966,ROL3966
E3967,ROL3967
E3968,ROL3968
E3969,ROL3969
E3970,ROL3970
E3971,ROL3971
E3972,ROL3972
E3973,ROL3973
E3974,ROL3974
E3975,ROL3975
E3976,ROL3976
E3977,ROL3977
E3978,ROL3978
E3979,ROL3979
E3980,ROL3980
E3981,ROL3981
E3982,ROL3982
E3983,ROL3983
E3984,ROL3984
E3985,ROL3985
E3986,ROL3986
E3987,ROL3987
E3988,ROL3988
E3989,ROL3989
E3990,ROL3990
E3991,ROL3991
E3992,ROL3992
E3993,ROL3993
E3994,ROL3994
E3995,ROL3995
E3996,ROL3996
E3997,ROL3997
E3998,ROL3998
E3999,ROL3999
E4000,ROL4000
E4001,ROL4001
E4002,ROL4002
E4003,ROL4003
E4004,ROL4004
E4005,ROL4005
E4006,ROL4006
E4007,ROL4007
E4008,ROL4008
E4009,ROL4009
E4010,ROL4010
E4011,ROL4011
E4012,ROL4012
E4013,ROL4013
E4014,ROL4014
E4015,ROL4015
E4016,ROL4016
E4017,ROL4017
E4018,ROL4018
E4019,ROL4019
E4020,ROL4020
E4021,ROL4021
E4022,ROL4022
E4023,ROL4023
E4024,ROL4024
E4025,ROL4025
E4026,ROL4026
E4027,ROL4027
E4028,ROL4028
E4029,ROL4029
E4030,ROL4030
E4031,ROL4031
E4032,ROL4032
E4033,ROL4033
E4034,ROL4034
E4035,ROL4035
E4036,ROL4036
E4037,ROL4037
E4038,ROL4038
E4039,ROL4039
E4040,ROL4040
E4041,ROL4041
E4042,ROL4042
E4043,ROL4043
E4044,ROL4044
E4045,ROL4045
E4046,ROL4046
E4047,ROL4047
E4048,ROL4048
E4049,ROL4049
E4050,ROL4050
E4051,ROL4051
E4052,ROL4052
E4053,ROL4053
E4054,ROL4054
E4055,ROL4055
E4056,ROL4056
E4057,ROL4057
E4058,ROL4058
E4059,ROL4059
E4060,ROL4060
E4061,ROL4061
E4062,ROL4062
E4063,ROL4063
E4064,ROL4064
E4065,ROL4065
E4066,ROL4066
E4067,ROL4067
E4068,ROL4068
E4069,ROL4069
E4070,ROL4070
E4071,ROL4071
E4072,ROL4072
E4073,ROL4073
E4074,ROL4074
E4075,ROL4075
E4076,ROL4076
E4077,ROL4077
E4078,ROL4078
E4079,ROL4079
E4080,ROL4080
E4081,ROL4081
E4082,ROL4082
E4083,ROL4083
E4084,ROL4084
E4085,ROL4085
E4086,ROL4086
E4087,ROL4087
E4088,ROL4088
E4089,ROL4089
E4090,ROL4090
E4091,ROL4091
E4092,ROL4092
E4093,ROL4093
E4094,ROL4094
E4095,ROL4095
E4096,ROL4096
E4097,ROL4097
E4098,ROL4098
E4099,ROL4099
E4100,ROL4100
E4101,ROL4101
E4102,ROL4102
E4103,ROL4103
E4104,ROL4104
E4105,ROL4105
E4106,ROL4106
E4107,ROL4107
E4108,ROL4108
E4109,ROL4109
E4110,ROL4110
E4111,ROL4111
E4112,ROL4112
E4113,ROL4113
E4114,ROL4114
E4115,ROL4115
E4116,ROL4116
E4117,ROL4117
E4118,ROL4118
E4119,ROL4119
E4120,ROL4120
E4121,ROL4121
E4122,ROL4122
E4123,ROL4123
E4124,ROL4124
E4125,ROL4125
E4126,ROL4126
E4127,ROL4127
E4128,ROL4128
E4129,ROL4129
E4130,ROL4130
E4131,ROL4131
E4132,ROL4132
E4133,ROL4133
E4134,ROL4134
E4135,ROL4135
E4136,ROL4136
E4137,ROL4137
E4138,ROL4138
E4139,ROL4139
E4140,ROL4140
E4141,ROL4141
E4142,ROL4142
E4143,ROL4143
E4144,ROL4144
E4145,ROL4145
E4146,ROL4146
E4147,ROL4147
E4148,ROL4148
E4149,ROL4149
E4150,ROL4150
E4151,ROL4151
E4152,ROL4152
E4153,ROL4153
E4154,ROL4154
E4155,ROL4155
E4156,ROL4156
E4157,ROL4157
E4158,ROL4158
E4159,ROL4159
E4160,ROL4160
E4161,ROL4161
E4162,ROL4162
E4163,ROL4163
E4164,ROL4164
E4165,ROL4165
E4166,ROL4166
E4167,ROL4167
E4168,ROL4168
E4169,ROL4169
E4170,ROL4170
E4171,ROL4171
E4172,ROL4172
E4173,ROL4173
E4174,ROL4174
E4175,ROL4175
E4176,ROL4176
E4177,ROL4177
E4178,ROL4178
E4179,ROL4179
E4180,ROL4180
E4181,ROL4181
E4182,ROL4182
E4183,ROL4183
E4184,ROL4184
E4185,ROL4185
E4186,ROL4186
E4187,ROL4187
E4188,ROL4188
E4189,ROL4189
E4190,ROL4190
E4191,ROL4191
E4192,ROL4192
E4193,ROL4193
E4194,ROL4194
E4195,ROL4195
E4196,ROL4196
E4197,ROL4197
E4198,ROL4198
E4199,ROL4199
E4200,ROL4200
E4201,ROL4201
E4202,ROL4202
E4203,ROL4203
E4204,ROL4204
E4205,ROL4205
E4206,ROL4206
E4207,ROL4207
E4208,ROL4208
E4209,ROL4209
E4210,ROL4210
E4211,ROL4211
E4212,ROL4212
E4213,ROL4213
E4214,ROL4214
E4215,ROL4215
E4216,ROL4216
E4217,ROL4217
E4218,ROL4218
E4219,ROL4219
E4220,ROL4220
E4221,ROL4221
E4222,ROL4222
E4223,ROL4223
E4224,ROL4224
E4225,ROL4225
E4226,ROL4226
E4227,ROL4227
E4228,ROL4228
E4229,ROL4229
E4230,ROL4230
E4231,ROL4231
E4232,ROL4232
E4233,ROL4233
E4234,ROL4234
E4235,ROL4235
E4236,ROL4236
E4237,ROL4237
E4238,ROL4238
E4239,ROL4239
E4240,ROL4240
E4241,ROL4241
E4242,ROL4242
E4243,ROL4243
E4244,ROL4244
E4245,ROL4245
E4246,ROL4246
E4247,ROL4247
E4248,ROL4248
E4249,ROL4249
E4250,ROL4250
E4251,ROL4251
E4252,ROL4252
E4253,ROL4253
E4254,ROL4254
E4255,ROL4255
E4256,ROL4256
E4257,ROL4257
E4258,ROL4258
E4259,ROL4259
E4260,ROL4260
E4261,ROL4261
E4262,ROL4262
E4263,ROL4263
E4264,ROL4264
E4265,ROL4265
E4266,ROL4266
E4267,ROL4267
E4268,ROL4268
E4269,ROL4269
E4270,ROL4270
E4271,ROL4271
E4272,ROL4272
E4273,ROL4273
E4274,ROL4274
E4275,ROL4275
E4276,ROL4276
E4277,ROL4277
E4278,ROL4278
E4279,ROL4279
E4280,ROL4280
E4281,ROL4281
E4282,ROL4282
E4283,ROL4283
E4284,ROL4284
E4285,ROL4285
E4286,ROL4286
E4287,ROL4287
E4288,ROL4288
E4289,ROL4289
E4290,ROL4290
E4291,ROL4291
E4292,ROL4292
E4293,ROL4293
E4294,ROL4294
E4295,ROL4295
E4296,ROL4296
E4297,ROL4297
E4298,ROL4298
E4299,ROL4299
E4300,ROL4300
E4301,ROL4301
E4302,ROL4302
E4303,ROL4303
E4304,ROL4304
E4305,ROL4305
E4306,ROL4306
E4307,ROL4307
E4308,ROL4308
E4309,ROL4309
E4310,ROL4310
E4311,ROL4311
E4312,ROL4312
E4313,ROL4313
E4314,ROL4314
E4315,ROL4315
E4316,ROL4316
E4317,ROL4317
E4318,ROL4318
E4319,ROL4319
E4320,ROL4320
E4321,ROL4321
E4322,ROL4322
E4323,ROL4323
E4324,ROL4324
E4325,ROL4325
E4326,ROL4326
E4327,ROL4327
E4328,ROL4328
E4329,ROL4329
E4330,ROL4330
E4331,ROL4331
E4332,ROL4332
E4333,ROL4333
E4334,ROL4334
E4335,ROL4335
E4336,ROL4336
E4337,ROL4337
E4338,ROL4338
E4339,ROL4339
E4340,ROL4340
E4341,ROL4341
E4342,ROL4342
E4343,ROL4343
E4344,ROL4344
E4345,ROL4345
E4346,ROL4346
E4347,ROL4347
E4348,ROL4348
E4349,ROL4349
E4350,ROL4350
E4351,ROL4351
E4352,ROL4352
E4353,ROL4353
E4354,ROL4354
E4355,ROL4355
E4356,ROL4356
E4357,ROL4357
E4358,ROL4358
E4359,ROL4359
E4360,ROL4360
E4361,ROL4361
E4362,ROL4362
E4363,ROL4363
E4364,ROL4364
E4365,ROL4365
E4366,ROL4366
E4367,ROL4367
E4368,ROL4368
E4369,ROL4369
E4370,ROL4370
E4371,ROL4371
E4372,ROL4372
E4373,ROL4373
E4374,ROL4374
E4375,ROL4375
E4376,ROL4376
E4377,ROL4377
E4378,ROL4378
E4379,ROL4379
E4380,ROL4380
E4381,ROL4381
E4382,ROL4382
E4383,ROL4383
E4384,ROL4384
E4385,ROL4385
E4386,ROL4386
E4387,ROL4387
E4388,ROL4388
E4389,ROL4389
E4390,ROL4390
E4391,ROL4391
E4392,ROL4392
E4393,ROL4393
E4394,ROL4394
E4395,ROL4395
E4396,ROL4396
E4397,ROL4397
E4398,ROL4398
E4399,ROL4399
E4400,ROL4400
E4401,ROL4401
E4402,ROL4402
E4403,ROL4403
E4404,ROL4404
E4405,ROL4405
E4406,ROL4406
E4407,ROL4407
E4408,ROL4408
E4409,ROL4409
E4410,ROL4410
E4411,ROL4411
E4412,ROL4412
E4413,ROL4413
E4414,ROL4414
E4415,ROL4415
E4416,ROL4416
E4417,ROL4417
E4418,ROL4418
E4419,ROL4419
E4420,ROL4420
E4421,ROL4421
E4422,ROL4422
E4423,ROL4423
E4424,ROL4424
E4425,ROL4425
E4426,ROL4426
E4427,ROL4427
E4428,ROL4428
E4429,ROL4429
E4430,ROL4430
E4431,ROL4431
E4432,ROL4432
E4433,ROL4433
E4434,ROL4434
E4435,ROL4435
E4436,ROL4436
E4437,ROL4437
E4438,ROL4438
E4439,ROL4439
E4440,ROL4440
E4441,ROL4441
E4442,ROL4442
E4443,ROL4443
E4444,ROL4444
E4445,ROL4445
E4446,ROL4446
E4447,ROL4447
E4448,ROL4448
E4449,ROL4449
E4450,ROL4450
E4451,ROL4451
E4452,ROL4452
E4453,ROL4453
E4454,ROL4454
E4455,ROL4455
E4456,ROL4456
E4457,ROL4457
E4458,ROL4458
E4459,ROL4459
E4460,ROL4460
E4461,ROL4461
E4462,ROL4462
E4463,ROL4463
E4464,ROL4464
E4465,ROL4465
E4466,ROL4466
E4467,ROL4467
E4468,ROL4468
E4469,ROL4469
E4470,ROL4470
E4471,ROL4471
E4472,ROL4472
E4473,ROL4473
E4474,ROL4474
E4475,ROL4475
E4476,ROL4476
E4477,ROL4477
E4478,ROL4478
E4479,ROL4479
E4480,ROL4480
E4481,ROL4481
E4482,ROL4482
E4483,ROL4483
E4484,ROL4484
E4485,ROL4485
E4486,ROL4486
E4487,ROL4487
E4488,ROL4488
E4489,ROL4489
E4490,ROL4490
E4491,ROL4491
E4492,ROL4492
E4493,ROL4493
E4494,ROL4494
E4495,ROL4495
E4496,ROL4496
E4497,ROL4497
E4498,ROL4498
E4499,ROL4499
E4500,ROL4500
E4501,ROL4501
E4502,ROL4502
E4503,ROL4503
E4504,ROL4504
E4505,ROL4505
E4506,ROL4506
E4507,ROL4507
E4508,ROL4508
E4509,ROL4509
E4510,ROL4510
E4511,ROL4511
E4512,ROL4512
E4513,ROL4513
E4514,ROL4514
E4515,ROL4515
E4516,ROL4516
E4517,ROL4517
E4518,ROL4518
E4519,ROL4519
E4520,ROL4520
E4521,ROL4521
E4522,ROL4522
E4523,ROL4523
E4524,ROL4524
E4525,ROL4525
E4526,ROL4526
E4527,ROL4527
E4528,ROL4528
E4529,ROL4529
E4530,ROL4530
E4531,ROL4531
E4532,ROL4532
E4533,ROL4533
E4534,ROL4534
E4535,ROL4535
E4536,ROL4536
E4537,ROL4537
E4538,ROL4538
E4539,ROL4539
E4540,ROL4540
E4541,ROL4541
E4542,ROL4542
E4543,ROL4543
E4544,ROL4544
E4545,ROL4545
E4546,ROL4546
E4547,ROL4547
E4548,ROL4548
E4549,ROL4549
E4550,ROL4550
E4551,ROL4551
E4552,ROL4552
E4553,ROL4553
E4554,ROL4554
E4555,ROL4555
E4556,ROL4556
E4557,ROL4557
E4558,ROL4558
E4559,ROL4559
E4560,ROL4560
E4561,ROL4561
E4562,ROL4562
E4563,ROL4563
E4564,ROL4564
E4565,ROL4565
E4566,ROL4566
E4567,ROL4567
E4568,ROL4568
E4569,ROL4569
E4570,ROL4570
E4571,ROL4571
E4572,ROL4572
E4573,ROL4573
E4574,ROL4574
E4575,ROL4575
E4576,ROL4576
E4577,ROL4577
E4578,ROL4578
E4579,ROL4579
E4580,ROL4580
E4581,ROL4581
E4582,ROL4582
E4583,ROL4583
E4584,ROL4584
E4585,ROL4585
E4586,ROL4586
E4587,ROL4587
E4588,ROL4588
E4589,ROL4589
E4590,ROL4590
E4591,ROL4591
E4592,ROL4592
E4593,ROL4593
E4594,ROL4594
E4595,ROL4595
E4596,ROL4596
E4597,ROL4597
E4598,ROL4598
E4599,ROL4599
E4600,ROL4600
E4601,ROL4601
E4602,ROL4602
E4603,ROL4603
E4604,ROL4604
E4605,ROL4605
E4606,ROL4606
E4607,ROL4607
E4608,ROL4608
E4609,ROL4609
E4610,ROL4610
E4611,ROL4611
E4612,ROL4612
E4613,ROL4613
E4614,ROL4614
E4615,ROL4615
E4616,ROL4616
E4617,ROL4617
E4618,ROL4618
E4619,ROL4619
E4620,ROL4620
E4621,ROL4621
E4622,ROL4622
E4623,ROL4623
E4624,ROL4624
E4625,ROL4625
E4626,ROL4626
E4627,ROL4627
E4628,ROL4628
E4629,ROL4629
E4630,ROL4630
E4631,ROL4631
E4632,ROL4632
E4633,ROL4633
E4634,ROL4634
E4635,ROL4635
E4636,ROL4636
E4637,ROL4637
E4638,ROL4638
E4639,ROL4639
E4640,ROL4640
E4641,ROL4641
E4642,ROL4642
E4643,ROL4643
E4644,ROL4644
E4645,ROL4645
E4646,ROL4646
E4647,ROL4647
E4648,ROL4648
E4649,ROL4649
E4650,ROL4650
E4651,ROL4651
E4652,ROL4652
E4653,ROL4653
E4654,ROL4654
E4655,ROL4655
E4656,ROL4656
E4657,ROL4657
E4658,ROL4658
E4659,ROL4659
E4660,ROL4660
E4661,ROL4661
E4662,ROL4662
E4663,ROL4663
E4664,ROL4664
E4665,ROL4665
E4666,ROL4666
E4667,ROL4667
E4668,ROL4668
E4669,ROL4669
E4670,ROL4670
E4671,ROL4671
E4672,ROL4672
E4673,ROL4673
E4674,ROL4674
E4675,ROL4675
E4676,ROL4676
E4677,ROL4677
E4678,ROL4678
E4679,ROL4679
E4680,ROL4680
E4681,ROL4681
E4682,ROL4682
E4683,ROL4683
E4684,ROL4684
E4685,ROL4685
E4686,ROL4686
E4687,ROL4687
E4688,ROL4688
E4689,ROL4689
E4690,ROL4690
E4691,ROL4691
E4692,ROL4692
E4693,ROL4693
E4694,ROL4694
E4695,ROL4695
E4696,ROL4696
E4697,ROL4697
E4698,ROL4698
E4699,ROL4699
E4700,ROL4700
E4701,ROL4701
E4702,ROL4702
E4703,ROL4703
E4704,ROL4704
E4705,ROL4705
E4706,ROL4706
E4707,ROL4707
E4708,ROL4708
E4709,ROL4709
E4710,ROL4710
E4711,ROL4711
E4712,ROL4712
E4713,ROL4713
E4714,ROL4714
E4715,ROL4715
E4716,ROL4716
E4717,ROL4717
E4718,ROL4718
E4719,ROL4719
E4720,ROL4720
E4721,ROL4721
E4722,ROL4722
E4723,ROL4723
E4724,ROL4724
E4725,ROL4725
E4726,ROL4726
E4727,ROL4727
E4728,ROL4728
E4729,ROL4729
E4730,ROL4730
E4731,ROL4731
E4732,ROL4732
E4733,ROL4733
E4734,ROL4734
E4735,ROL4735
E4736,ROL4736
E4737,ROL4737
E4738,ROL4738
E4739,ROL4739
E4740,ROL4740
E4741,ROL4741
E4742,ROL4742
E4743,ROL4743
E4744,ROL4744
E4745,ROL4745
E4746,ROL4746
E4747,ROL4747
E4748,ROL4748
E4749,ROL4749
E4750,ROL4750
E4751,ROL4751
E4752,ROL4752
E4753,ROL4753
E4754,ROL4754
E4755,ROL4755
E4756,ROL4756
E4757,ROL4757
E4758,ROL4758
E4759,ROL4759
E4760,ROL4760
E4761,ROL4761
E4762,ROL4762
E4763,ROL4763
E4764,ROL4764
E4765,ROL4765
E4766,ROL4766
E4767,ROL4767
E4768,ROL4768
E4769,ROL4769
E4770,ROL4770
E4771,ROL4771
E4772,ROL4772
E4773,ROL4773
E4774,ROL4774
E4775,ROL4775
E4776,ROL4776
E4777,ROL4777
E4778,ROL4778
E4779,ROL4779
E4780,ROL4780
E4781,ROL4781
E4782,ROL4782
E4783,ROL4783
E4784,ROL4784
E4785,ROL4785
E4786,ROL4786
E4787,ROL4787
E4788,ROL4788
E4789,ROL4789
E4790,ROL4790
E4791,ROL4791
E4792,ROL4792
E4793,ROL4793
E4794,ROL4794
E4795,ROL4795
E4796,ROL4796
E4797,ROL4797
E4798,ROL4798
E4799,ROL4799
E4800,ROL4800
E4801,ROL4801
E4802,ROL4802
E4803,ROL4803
E4804,ROL4804
E4805,ROL4805
E4806,ROL4806
E4807,ROL4807
E4808,ROL4808
E4809,ROL4809
E4810,ROL4810
E4811,ROL4811
E4812,ROL4812
E4813,ROL4813
E4814,ROL4814
E4815,ROL4815
E4816,ROL4816
E4817,ROL4817
E4818,ROL4818
E4819,ROL4819
E4820,ROL4820
E4821,ROL4821
E4822,ROL4822
E4823,ROL4823
E4824,ROL4824
E4825,ROL4825
E4826,ROL4826
E4827,ROL4827
E4828,ROL4828
E4829,ROL4829
E4830,ROL4830
E4831,ROL4831
E4832,ROL4832
E4833,ROL4833
E4834,ROL4834
E4835,ROL4835
E4836,ROL4836
E4837,ROL4837
E4838,ROL4838
E4839,ROL4839
E4840,ROL4840
E4841,ROL4841
E4842,ROL4842
E4843,ROL4843
E4844,ROL4844
E4845,ROL4845
E4846,ROL4846
E4847,ROL4847
E4848,ROL4848
E4849,ROL4849
E4850,ROL4850
E4851,ROL4851
E4852,ROL4852
E4853,ROL4853
E4854,ROL4854
E4855,ROL4855
E4856,ROL4856
E4857,ROL4857
E4858,ROL4858
E4859,ROL4859
E4860,ROL4860
E4861,ROL4861
E4862,ROL4862
E4863,ROL4863
E4864,ROL4864
E4865,ROL4865
E4866,ROL4866
E4867,ROL4867
E4868,ROL4868
E4869,ROL4869
E4870,ROL4870
E4871,ROL4871
E4872,ROL4872
E4873,ROL4873
E4874,ROL4874
E4875,ROL4875
E4876,ROL4876
E4877,ROL4877
E4878,ROL4878
E4879,ROL4879
E4880,ROL4880
E4881,ROL4881
E4882,ROL4882
E4883,ROL4883
E4884,ROL4884
E4885,ROL4885
E4886,ROL4886
E4887,ROL4887
E4888,ROL4888
E4889,ROL4889
E4890,ROL4890
E4891,ROL4891
E4892,ROL4892
E4893,ROL4893
E4894,ROL4894
E4895,ROL4895
E4896,ROL4896
E4897,ROL4897
E4898,ROL4898
E4899,ROL4899
E4900,ROL4900
E4901,ROL4901
E4902,ROL4902
E4903,ROL4903
E4904,ROL4904
E4905,ROL4905
E4906,ROL4906
E4907,ROL4907
E4908,ROL4908
E4909,ROL4909
E4910,ROL4910
E4911,ROL4911
E4912,ROL4912
E4913,ROL4913
E4914,ROL4914
E4915,ROL4915
E4916,ROL4916
E4917,ROL4917
E4918,ROL4918
E4919,ROL4919
E4920,ROL4920
E4921,ROL4921
E4922,ROL4922
E4923,ROL4923
E4924,ROL4924
E4925,ROL4925
E4926,ROL4926
E4927,ROL4927
E4928,ROL4928
E4929,ROL4929
E4930,ROL4930
E4931,ROL4931
E4932,ROL4932
E4933,ROL4933
E4934,ROL4934
E4935,ROL4935
E4936,ROL4936
E4937,ROL4937
E4938,ROL4938
E4939,ROL4939
E4940,ROL4940
E4941,ROL4941
E4942,ROL4942
E4943,ROL4943
E4944,ROL4944
E4945,ROL4945
E4946,ROL4946
E4947,ROL4947
E4948,ROL4948
E4949,ROL4949
E4950,ROL4950
E4951,ROL4951
E4952,ROL4952
E4953,ROL4953
E4954,ROL4954
E4955,ROL4955
E4956,ROL4956
E4957,ROL4957
E4958,ROL4958
E4959,ROL4959
E4960,ROL4960
E4961,ROL4961
E4962,ROL4962
E4963,ROL4963
E4964,ROL4964
E4965,ROL4965
E4966,ROL4966
E4967,ROL4967
E4968,ROL4968
E4969,ROL4969
E4970,ROL4970
E4971,ROL4971
E4972,ROL4972
E4973,ROL4973
E4974,ROL4974
E4975,ROL4975
E4976,ROL4976
E4977,ROL4977
E4978,ROL4978
E4979,ROL4979
E4980,ROL4980
E4981,ROL4981
E4982,ROL4982
E4983,ROL4983
E4984,ROL4984
E4985,ROL4985
E4986,ROL4986
E4987,ROL4987
E4988,ROL4988
E4989,ROL4989
E4990,ROL4990
E4991,ROL4991
E4992,ROL4992
E4993,ROL4993
E4994,ROL4994
E4995,ROL4995
E4996,ROL4996
E4997,ROL4997
E4998,ROL4998
E4999,ROL4999
E5000,ROL5000
